order_id,customer_id,order_date,channel
1,3,2024-02-05,Web
2,4,2024-12-28,In-Store
3,4,2024-12-28,Web
4,4,2024-12-29,Mobile
5,4,2024-12-30,In-Store
6,4,2024-12-29,Mobile
7,4,2024-12-30,Web
8,6,2024-11-06,In-Store
9,7,05/02/2024,Mobile
10,10,2024-11-28,In-Store
11,10,2024-03-21,Web
12,11,2024-07-05,Web
13,11,2023-10-17,In-Store
14,11,2023-10-02,Mobile
15,11,2023-07-03,Web
16,12,2024-07-10,Mobile
17,13,2024-11-21,Mobile
18,13,2024-10-31,Web
19,13,2024-12-02,Mobile
20,14,2024-03-02,Web
21,15,2024-06-07,Web
22,15,09/11/2024,Web
23,15,10/16/2024,Web
24,15,2024-06-10,Web
25,15,2024-08-20,Mobile
26,15,2024-12-28,Mobile
27,15,2024-11-03,In-Store
28,15,2024-12-06,Mobile
29,15,2024-11-07,Web
30,16,07/01/2024,Web
31,16,2024-10-23,Mobile
32,16,2024-12-18,Web
33,16,07/18/2024,Web
34,17,2024-12-09,Mobile
35,17,2024-10-25,Mobile
36,17,2024-04-19,Web
37,18,2024-11-14,Mobile
38,18,2024-11-22,Web
39,19,2024-10-04,Mobile
40,19,2024-12-24,Web
41,19,2024-10-30,Web
42,19,11/06/2024,Mobile
43,19,2024-11-28,Mobile
44,19,2024-12-06,In-Store
45,19,2024-10-25,Web
46,19,2024-11-17,Web
47,21,2024-08-14,In-Store
48,21,2023-12-10,Web
49,22,2024-12-30,In-Store
50,22,2024-12-30,Web
51,23,2024-11-17,Web
52,26,2024-06-17,Mobile
53,26,08/21/2024,Mobile
54,26,2024-04-19,Web
55,27,2024-12-28,Mobile
56,28,2024-10-29,Web
57,30,2024-11-21,Web
58,30,2024-10-29,Mobile
59,30,2024-11-26,Mobile
60,30,2024-10-19,Web
61,31,2024-12-26,Mobile
62,32,2024-03-09,Web
63,32,2024-11-22,Web
64,32,2024-08-29,Mobile
65,32,2024-11-02,Web
66,32,2024-05-13,Mobile
67,33,2024-12-29,Web
68,35,2024-01-03,Web
69,35,2023-06-08,Web
70,36,2023-09-25,Mobile
71,36,2024-07-03,Web
72,37,2023-09-18,In-Store
73,39,2024-11-06,Web
74,40,2024-03-10,In-Store
75,40,2024-02-24,In-Store
76,41,2024-11-13,Mobile
77,41,2024-06-14,In-Store
78,41,2024-04-07,Mobile
79,42,12/29/2024,Web
80,45,2024-02-11,Mobile
81,45,2024-09-22,Mobile
82,45,05/13/2024,Mobile
83,45,2024-08-18,In-Store
84,45,2023-11-25,Web
85,45,2023-11-24,Web
86,46,2024-01-21,In-Store
87,46,2024-12-17,Mobile
88,46,2024-12-27,Web
89,46,06/23/2024,Mobile
90,47,04/23/2024,In-Store
91,48,07/19/2024,Web
92,51,03/11/2024,Mobile
93,51,05/30/2024,In-Store
94,51,2023-12-03,Web
95,51,2024-08-14,Mobile
96,52,2024-04-12,Mobile
97,52,2024-05-25,In-Store
98,52,2024-12-24,In-Store
99,52,2023-12-13,In-Store
100,52,2023-09-10,In-Store
101,53,2024-12-06,Web
102,53,2024-11-14,Mobile
103,53,2024-11-11,Web
104,53,11/01/2024,Web
105,53,2024-12-21,In-Store
106,54,2024-11-23,Mobile
107,55,2024-08-20,Web
108,55,2024-11-18,Web
109,57,2024-02-04,Mobile
110,57,2023-12-29,Web
111,59,2023-10-13,Mobile
112,62,2024-08-13,In-Store
113,62,2024-11-17,Web
114,62,2024-06-21,Web
115,62,09/17/2024,Mobile
116,62,2024-12-14,Mobile
117,62,2024-11-23,Web
118,63,2024-12-09,Web
119,63,2024-04-27,Web
120,63,2023-05-24,In-Store
121,66,2024-12-29,In-Store
122,67,2024-11-16,Web
123,67,2024-11-20,In-Store
124,68,2024-10-10,Web
125,68,2024-11-17,Web
126,68,2024-11-07,Mobile
127,68,12/03/2024,Web
128,68,12/06/2024,Mobile
129,68,2024-09-10,In-Store
130,69,2024-12-05,In-Store
131,71,2024-05-22,Mobile
132,71,2024-08-17,In-Store
133,71,2024-10-23,Mobile
134,71,2024-12-30,Mobile
135,71,2024-12-24,Mobile
136,71,2024-11-25,Mobile
137,71,2024-06-24,In-Store
138,74,2024-06-07,Mobile
139,74,2024-11-30,Web
140,74,2024-07-19,Web
141,74,2023-12-30,Web
142,74,2024-03-28,Web
143,74,2024-11-30,Web
144,76,2023-12-02,Web
145,76,2024-08-16,Web
146,76,2024-11-20,Web
147,76,09/16/2024,In-Store
148,76,2023-11-30,In-Store
149,76,04/29/2024,In-Store
150,77,2023-05-03,Web
151,77,2024-07-05,In-Store
152,77,2024-11-09,In-Store
153,77,2023-11-22,Mobile
154,77,2023-12-09,In-Store
155,77,2024-04-11,Mobile
156,77,2023-02-24,Mobile
157,77,2024-05-07,Web
158,77,2023-04-27,Web
159,77,2023-09-13,Web
160,77,2023-12-05,Web
161,77,08/15/2024,Web
162,81,2024-12-04,Web
163,81,2024-11-07,Web
164,81,2024-06-30,Mobile
165,82,11/27/2024,Mobile
166,83,2024-06-15,Web
167,85,2023-12-03,Web
168,85,2024-12-25,Web
169,85,2024-01-27,Mobile
170,85,2024-03-08,Mobile
171,87,2024-10-22,Mobile
172,90,2023-10-14,In-Store
173,91,2024-12-15,Web
174,91,2024-11-20,Web
175,91,11/29/2024,Web
176,91,2024-12-29,In-Store
177,92,05/09/2024,Web
178,92,2024-09-20,In-Store
179,93,12/14/2024,Mobile
180,94,2024-11-15,In-Store
181,94,2024-11-20,Mobile
182,94,2024-12-26,Web
183,94,2024-12-19,Mobile
184,95,2024-09-16,Mobile
185,95,2024-11-11,In-Store
186,95,2024-08-03,Web
187,95,10/31/2024,Web
188,95,2024-12-19,Web
189,96,2023-12-01,Mobile
190,96,2023-05-06,In-Store
191,97,2024-09-16,Mobile
192,98,2023-07-25,Web
193,98,2023-09-20,In-Store
194,99,2024-11-29,Web
195,100,2024-12-23,Mobile
196,100,2024-12-25,Web
197,100,2024-12-28,Web
198,100,2024-12-28,Mobile
199,100,2024-12-24,Web
200,101,2024-12-04,Web
201,101,2024-12-29,Web
202,102,2024-07-05,Web
203,102,2024-03-18,In-Store
204,105,2023-11-09,In-Store
205,105,2024-09-05,Mobile
206,105,2023-11-04,In-Store
207,105,2024-02-21,Web
208,105,2024-03-08,Mobile
209,105,2024-08-23,Web
210,106,2024-11-11,Mobile
211,106,2024-12-24,Mobile
212,106,2024-12-23,Web
213,106,2024-12-25,Web
214,106,2024-12-08,Web
215,106,2024-10-30,Web
216,107,02/19/2023,Mobile
217,110,2024-04-05,Web
218,114,12/22/2024,Web
219,114,06/23/2024,Mobile
220,116,08/08/2024,In-Store
221,117,2024-10-27,Web
222,117,2024-12-26,Mobile
223,117,2024-12-02,Web
224,117,2024-10-28,Web
225,117,2024-11-29,Web
226,117,2024-12-24,Web
227,117,12/14/2024,Mobile
228,117,2024-11-20,Mobile
229,117,2024-10-29,In-Store
230,117,2024-12-13,Mobile
231,117,2024-10-26,In-Store
232,117,10/02/2024,Mobile
233,117,2024-12-27,Web
234,118,09/22/2024,Web
235,119,2024-08-05,Web
236,119,2024-06-11,Web
237,119,2024-10-17,Mobile
238,120,2024-02-14,In-Store
239,122,2023-12-28,Web
240,122,2024-07-02,Mobile
241,122,2024-10-30,Mobile
242,122,2024-04-08,Mobile
243,125,2024-10-21,Web
244,125,2024-11-12,Web
245,126,2024-12-03,Mobile
246,126,2023-11-01,Mobile
247,126,2023-09-01,Mobile
248,127,2024-09-10,In-Store
249,127,2023-08-26,Web
250,129,2024-12-29,Web
251,132,2024-11-06,Mobile
252,132,2024-06-03,Web
253,132,2024-08-23,Web
254,133,2024-12-25,Mobile
255,133,2024-11-23,Mobile
256,133,2024-12-14,Mobile
257,134,12/06/2024,Web
258,134,2024-05-06,Web
259,136,2024-07-11,Mobile
260,137,2023-10-30,Web
261,138,2023-12-04,Mobile
262,139,2024-10-01,Web
263,140,2024-10-28,Web
264,140,2024-04-22,In-Store
265,140,2024-05-13,In-Store
266,141,2024-11-11,In-Store
267,141,2024-12-20,Web
268,141,08/27/2024,Web
269,141,2024-12-03,Web
270,141,2024-12-14,Web
271,141,2024-10-26,Web
272,142,2024-11-06,Web
273,143,2024-11-16,In-Store
274,143,2024-12-16,Mobile
275,143,2023-12-31,Web
276,143,2024-07-13,Web
277,144,2024-12-30,In-Store
278,144,2024-12-12,Mobile
279,144,2024-12-13,Web
280,144,2024-12-12,Web
281,144,2024-12-26,Web
282,144,2024-12-19,Mobile
283,144,2024-12-27,Mobile
284,144,12/11/2024,Web
285,144,2024-12-28,Web
286,145,2024-12-17,In-Store
287,145,2024-12-10,Web
288,147,2024-11-11,Mobile
289,147,11/20/2024,Mobile
290,147,11/08/2024,Web
291,150,2024-12-13,Mobile
292,150,2024-12-12,Web
293,151,2024-09-27,Mobile
294,151,2024-11-24,In-Store
295,151,2024-10-17,Mobile
296,151,2024-12-23,Web
297,152,2023-12-18,Web
298,152,2024-12-02,Mobile
299,152,2023-11-19,In-Store
300,152,2024-08-06,Mobile
301,153,2024-10-05,In-Store
302,153,2024-10-11,Mobile
303,153,2024-09-12,In-Store
304,153,2024-12-25,Mobile
305,153,2024-08-28,Web
306,153,2024-12-30,In-Store
307,154,12/16/2024,In-Store
308,154,2024-12-21,Mobile
309,155,2023-05-27,Web
310,155,2023-10-30,Mobile
311,155,2023-12-19,Web
312,155,2023-11-07,Web
313,155,2023-11-29,Web
314,155,2023-06-11,Web
315,155,2023-06-28,Web
316,157,2024-12-09,Web
317,157,2024-09-02,Web
318,157,2024-03-22,Mobile
319,157,10/09/2024,Web
320,157,2024-12-01,In-Store
321,157,2024-10-04,Mobile
322,157,2024-07-06,Web
323,158,10/27/2024,Web
324,159,2024-12-07,Web
325,160,2024-04-18,Mobile
326,160,2024-10-15,Web
327,161,12/30/2024,Web
328,161,2024-12-16,Web
329,161,2024-12-15,Mobile
330,162,2023-05-09,Mobile
331,162,2024-04-01,Mobile
332,163,12/06/2024,Web
333,163,2024-12-15,Web
334,163,2024-11-04,Web
335,163,2024-01-29,In-Store
336,163,2024-07-21,Mobile
337,163,05/07/2024,Web
338,165,2024-02-16,Web
339,165,2024-06-16,Web
340,167,2024-12-26,Web
341,167,2024-12-05,Mobile
342,168,2024-01-20,Web
343,168,2024-09-25,Mobile
344,169,2024-04-04,Web
345,169,2024-12-27,Web
346,170,2024-03-04,Web
347,170,2023-10-14,Web
348,170,2023-12-13,Mobile
349,172,2024-12-22,Mobile
350,176,2024-11-30,Web
351,176,2024-03-07,Mobile
352,177,2024-12-10,In-Store
353,177,12/08/2024,Web
354,177,2024-12-22,Mobile
355,177,2024-12-20,Web
356,177,2024-12-21,In-Store
357,179,2024-11-01,Web
358,180,2024-12-09,Web
359,180,2024-12-07,Mobile
360,180,2024-12-01,Mobile
361,181,2023-10-04,Mobile
362,181,2024-12-22,In-Store
363,181,2023-10-15,Web
364,181,2024-12-04,Web
365,182,06/22/2024,Mobile
366,182,2024-10-01,Web
367,182,2024-10-18,Web
368,182,2024-07-09,Web
369,183,2024-01-02,In-Store
370,184,04/04/2024,Web
371,184,2024-11-01,Web
372,185,2024-05-01,In-Store
373,186,2024-12-14,Mobile
374,187,2024-01-28,Mobile
375,187,2023-08-22,Web
376,187,2024-06-04,Web
377,188,2023-11-05,Web
378,188,2024-12-05,Web
379,188,2024-08-14,Web
380,189,2024-12-16,Mobile
381,190,2023-12-23,Web
382,190,2024-06-06,Web
383,191,2024-12-18,Web
384,191,2024-10-03,Web
385,191,2024-08-11,In-Store
386,191,2024-08-30,Mobile
387,191,2024-09-18,Mobile
388,191,12/30/2024,Web
389,191,09/23/2024,Mobile
390,191,2024-11-01,Web
391,191,2024-12-06,Web
392,191,2024-09-12,Web
393,191,2024-12-11,Web
394,191,2024-11-11,Web
395,191,2024-09-30,Web
396,191,2024-12-24,Web
397,191,2024-12-20,Mobile
398,191,2024-08-28,Web
399,191,2024-09-05,Mobile
400,191,2024-11-22,Web
401,191,2024-09-16,In-Store
402,194,2024-06-23,Web
403,195,2024-07-02,Web
404,196,2024-04-02,In-Store
405,197,2024-11-06,Web
406,197,2024-07-18,In-Store
407,198,2024-08-18,Mobile
408,198,2024-08-19,Mobile
409,198,2024-08-25,Web
410,198,07/26/2024,Web
411,198,2024-09-28,In-Store
412,198,2024-11-22,Mobile
413,200,2024-12-09,Web
414,201,2024-10-05,Web
415,202,10/05/2024,Web
416,202,2024-12-16,Web
417,202,2024-04-23,Web
418,202,2024-10-25,Mobile
419,203,2024-08-16,In-Store
420,205,2024-10-05,In-Store
421,206,09/17/2024,Web
422,206,2024-10-22,Web
423,206,2024-09-13,Mobile
424,206,2024-08-30,Web
425,207,2024-01-25,Web
426,207,2024-11-15,Web
427,207,2024-06-29,Web
428,207,2024-02-13,Web
429,207,11/29/2023,Web
430,207,12/10/2023,Mobile
431,207,2024-06-27,Web
432,207,2024-10-27,Web
433,207,2023-11-19,In-Store
434,207,2024-04-05,Web
435,208,2024-11-23,Web
436,208,2024-10-27,Web
437,208,2024-04-09,Mobile
438,209,2024-07-19,Mobile
439,209,2024-11-09,Web
440,211,2024-08-17,In-Store
441,211,2024-11-22,In-Store
442,212,2024-12-01,Mobile
443,215,2024-07-31,Web
444,215,2024-03-02,Web
445,215,07/14/2024,Mobile
446,215,2024-02-26,Mobile
447,215,2024-04-15,Web
448,215,2024-03-04,Web
449,215,05/21/2024,Web
450,215,2024-07-09,In-Store
451,215,2024-06-07,In-Store
452,215,2024-03-10,Mobile
453,215,2024-10-05,Web
454,215,2024-11-19,Web
455,215,2024-03-14,Mobile
456,215,2024-05-30,Web
457,215,2024-05-13,Web
458,215,2024-09-27,Web
459,215,2024-11-13,Mobile
460,215,2024-12-30,Mobile
461,215,2024-09-05,Web
462,215,2024-08-31,Web
463,216,2023-12-09,Web
464,216,2024-12-17,Web
465,218,2024-11-17,In-Store
466,218,2024-04-17,Web
467,218,2024-08-31,Mobile
468,218,10/21/2024,Web
469,219,2024-09-23,Web
470,220,2023-11-18,Mobile
471,220,2024-02-26,Mobile
472,220,2024-05-01,Mobile
473,220,2024-08-22,Mobile
474,220,2024-02-22,In-Store
475,220,2024-05-22,Web
476,220,2024-12-10,In-Store
477,221,2024-12-10,Web
478,221,2024-11-29,Mobile
479,221,2024-05-23,Mobile
480,221,2024-04-28,Mobile
481,221,2024-12-22,Web
482,222,2024-09-24,Web
483,223,2024-11-12,Web
484,223,2024-10-21,Web
485,223,2024-10-22,Mobile
486,223,2024-10-19,Web
487,223,11/28/2024,Web
488,224,2024-05-19,Web
489,224,2024-04-01,Web
490,224,2023-11-08,Mobile
491,225,2023-12-31,Web
492,225,2024-11-01,Mobile
493,225,06/24/2024,In-Store
494,226,2024-10-01,Web
495,227,2024-12-26,Web
496,227,2024-12-25,Web
497,227,2024-12-26,Mobile
498,227,2024-12-28,Web
499,228,2024-05-26,Web
500,228,2023-12-22,Mobile
501,229,10/12/2024,Web
502,230,2024-03-30,Mobile
503,231,2024-10-22,Web
504,231,2024-10-12,Mobile
505,233,2024-07-14,Web
506,234,2024-11-17,Web
507,234,2023-11-01,Mobile
508,235,2024-12-30,Web
509,236,2024-10-24,Web
510,236,2023-12-11,Web
511,236,2023-12-10,Web
512,236,08/13/2023,Mobile
513,236,2023-10-04,Mobile
514,236,2024-08-19,Mobile
515,236,2024-02-15,Web
516,236,2023-11-27,In-Store
517,236,11/07/2024,Web
518,237,2024-12-28,Mobile
519,237,2024-11-08,In-Store
520,238,2024-04-15,In-Store
521,238,2024-10-29,Web
522,238,2024-08-07,Web
523,238,2024-11-02,Web
524,238,2024-08-21,Web
525,238,08/02/2024,In-Store
526,239,2024-01-15,Mobile
527,239,2024-11-21,In-Store
528,239,2024-07-02,Mobile
529,239,2024-06-10,In-Store
530,239,2024-03-08,In-Store
531,239,2024-11-08,Mobile
532,239,2024-12-24,Web
533,241,2023-12-12,Mobile
534,241,2024-12-25,Web
535,241,2023-11-11,Web
536,241,2023-10-30,Web
537,242,2024-12-27,Mobile
538,242,2024-07-26,In-Store
539,242,2024-01-16,Web
540,242,2023-04-22,Web
541,242,2024-05-29,Web
542,243,2023-09-25,In-Store
543,243,06/01/2024,In-Store
544,244,2024-12-25,Web
545,245,07/23/2024,Web
546,245,2024-12-11,Mobile
547,245,2024-09-24,Web
548,246,2024-02-13,Mobile
549,246,2024-09-06,Mobile
550,247,2024-09-15,Mobile
551,247,2024-12-26,Mobile
552,247,2024-11-01,Mobile
553,247,2024-07-01,Mobile
554,248,2024-09-10,Mobile
555,248,2024-03-22,Web
556,248,2024-11-04,Mobile
557,248,2024-03-08,Mobile
558,249,2024-05-29,Web
559,250,07/31/2024,Mobile
560,250,2024-11-21,Web
561,250,2024-11-22,In-Store
562,250,2024-08-20,Mobile
563,251,2024-04-16,Mobile
564,251,01/10/2024,Web
565,251,2024-06-21,In-Store
566,254,2024-12-17,Mobile
567,254,2024-11-30,In-Store
568,254,2024-11-24,Mobile
569,254,2024-09-26,Web
570,254,2024-10-27,Web
571,257,2024-11-27,Web
572,257,2024-09-24,Web
573,257,2024-11-22,Web
574,257,11/08/2024,Web
575,257,08/27/2024,Mobile
576,257,2024-11-07,In-Store
577,257,2024-11-02,Web
578,258,2024-01-12,Web
579,258,2024-06-14,Mobile
580,258,2024-03-16,Web
581,259,2023-09-05,Web
582,259,2024-02-17,Web
583,262,2024-06-19,Mobile
584,264,2023-12-03,Web
585,265,2024-10-29,Web
586,265,2024-07-07,Mobile
587,265,2024-11-05,Web
588,266,2024-12-08,Mobile
589,267,2023-08-19,Mobile
590,267,2023-08-16,Web
591,267,2024-12-25,Web
592,268,2024-11-20,Web
593,268,2024-01-25,Web
594,268,2023-12-31,Web
595,268,2024-04-08,Web
596,268,2024-12-08,Web
597,269,2024-07-06,Mobile
598,269,2024-10-02,Mobile
599,270,2024-12-29,Web
600,271,12/02/2024,Mobile
601,271,2023-11-23,In-Store
602,272,2024-11-19,Web
603,272,2024-12-21,Web
604,272,2024-06-07,Web
605,273,2024-12-29,Mobile
606,273,2024-11-03,Mobile
607,273,2024-04-20,Web
608,274,2024-07-01,In-Store
609,275,07/12/2024,Web
610,275,12/09/2024,Mobile
611,275,2024-11-21,In-Store
612,275,2024-05-14,Mobile
613,277,2024-01-14,Web
614,277,2024-03-08,Web
615,278,2024-04-11,Mobile
616,281,2024-05-30,Web
617,281,2024-07-28,Mobile
618,282,2023-04-03,Mobile
619,282,2024-06-06,Web
620,285,2024-11-11,Web
621,288,2023-12-12,Web
622,290,2024-10-08,Web
623,290,2024-11-30,In-Store
624,291,2024-05-10,Web
625,291,2024-09-01,Mobile
626,296,11/22/2024,Web
627,298,2024-03-05,Web
628,298,2024-06-26,Mobile
629,299,2024-12-05,In-Store
630,299,2024-12-24,Web
631,299,2024-09-29,In-Store
632,299,2024-12-28,Web
633,299,2024-12-25,Web
634,302,2024-11-16,Web
635,302,12/21/2024,Mobile
636,303,12/15/2024,Mobile
637,305,12/10/2024,Mobile
638,306,2024-11-29,Web
639,306,2024-12-15,Web
640,307,2024-06-15,Mobile
641,307,2024-04-10,Web
642,307,2024-08-30,Mobile
643,307,2024-08-11,Mobile
644,310,2024-12-08,Web
645,311,2024-11-10,Web
646,312,2024-07-29,In-Store
647,314,2024-11-20,Mobile
648,314,2024-09-27,In-Store
649,314,2024-08-13,Web
650,314,2024-12-24,Mobile
651,315,11/22/2024,Web
652,316,2023-11-07,Web
653,316,2023-06-23,Web
654,317,2024-12-21,Web
655,318,2024-05-13,Web
656,319,2023-11-21,Mobile
657,320,2024-11-29,Mobile
658,320,2024-11-15,Web
659,320,2024-12-27,Mobile
660,320,2024-12-08,Mobile
661,320,2024-10-11,Mobile
662,321,2024-12-24,Mobile
663,321,12/21/2024,In-Store
664,323,05/16/2024,Web
665,323,2024-08-16,Web
666,323,2024-07-17,Web
667,324,2024-12-21,Mobile
668,326,2024-08-20,Web
669,327,2024-12-30,Mobile
670,329,12/26/2024,Web
671,330,2024-10-29,Web
672,331,2024-08-28,Web
673,331,2024-06-27,Mobile
674,331,2024-02-11,Web
675,332,2024-08-28,Web
676,333,2023-12-07,Mobile
677,334,2024-12-09,Mobile
678,335,2024-07-17,Mobile
679,336,2024-09-24,Web
680,336,2024-04-20,Web
681,336,2023-09-08,In-Store
682,338,2023-12-27,Web
683,338,2023-08-11,Mobile
684,338,2024-09-26,Web
685,341,2024-07-23,In-Store
686,341,2023-10-25,In-Store
687,342,2024-04-08,In-Store
688,342,2024-04-04,In-Store
689,342,2024-12-18,Web
690,344,2024-06-07,In-Store
691,344,2024-11-03,Mobile
692,344,2024-11-30,Web
693,344,07/29/2024,Mobile
694,345,2024-09-03,Web
695,346,2024-09-17,Web
696,347,2024-09-09,Web
697,347,2024-04-03,Mobile
698,347,11/04/2024,Mobile
699,347,2024-07-21,Web
700,349,2024-09-08,Web
701,352,2024-12-15,Web
702,353,2024-12-17,In-Store
703,353,2024-09-21,Web
704,354,2024-04-03,In-Store
705,354,2024-04-10,Mobile
706,355,2023-12-21,Web
707,355,2024-12-01,Web
708,356,2024-07-16,Web
709,356,2024-11-15,Mobile
710,357,2024-06-10,Mobile
711,357,2024-07-05,Web
712,357,2024-04-12,Mobile
713,358,2024-12-03,Web
714,361,2024-11-16,In-Store
715,362,2024-10-25,Web
716,362,2024-11-12,Mobile
717,362,2024-10-21,Mobile
718,362,2024-09-15,Web
719,363,2024-06-08,Mobile
720,363,2024-07-06,Web
721,364,2024-11-28,In-Store
722,366,2024-08-23,Mobile
723,366,06/25/2023,Web
724,366,2024-04-03,Web
725,366,2024-02-01,Web
726,367,2024-12-21,In-Store
727,367,2024-11-06,In-Store
728,367,2024-11-30,Web
729,367,2024-10-11,Web
730,368,2024-12-13,Web
731,368,2024-12-25,Mobile
732,369,2024-03-22,Mobile
733,369,2024-11-13,Mobile
734,369,2024-08-20,Mobile
735,369,2024-11-19,Mobile
736,370,2024-12-02,Web
737,370,2024-12-05,Web
738,370,2024-11-12,Mobile
739,370,2024-11-13,Web
740,370,12/07/2024,Web
741,372,2024-07-25,Mobile
742,372,2024-11-01,Web
743,373,2024-06-29,Web
744,373,2024-11-29,Mobile
745,373,2024-11-04,Mobile
746,373,11/02/2024,In-Store
747,373,2024-11-06,Mobile
748,373,2024-06-13,Web
749,374,2023-12-31,Web
750,374,2024-05-16,Mobile
751,374,2023-12-12,Web
752,375,2024-01-07,Web
753,375,2024-05-03,Web
754,375,2023-08-08,Web
755,375,2024-11-09,Web
756,376,2024-12-06,In-Store
757,376,2024-09-28,Web
758,376,2024-11-01,Mobile
759,376,2024-12-28,Web
760,377,12/04/2024,Mobile
761,379,2024-12-04,Web
762,379,2024-11-09,Web
763,379,2024-12-01,Web
764,382,2024-06-27,Mobile
765,383,2024-12-17,Mobile
766,383,2024-12-29,Web
767,383,2024-12-15,Mobile
768,384,2024-12-26,In-Store
769,385,10/31/2023,Web
770,386,2024-08-05,Web
771,386,2023-12-15,Mobile
772,387,2024-12-23,In-Store
773,387,2024-12-25,Web
774,388,2024-10-26,Web
775,393,2024-05-30,Web
776,394,2024-09-20,Web
777,395,2024-11-03,Web
778,395,2024-12-27,Mobile
779,396,2024-03-13,In-Store
780,396,2023-11-10,Web
781,397,2024-06-21,In-Store
782,400,2024-08-13,Mobile
783,400,2024-08-08,Web
784,401,2023-12-13,Web
785,401,2024-11-08,Mobile
786,401,2024-05-14,Web
787,401,2023-05-28,Mobile
788,401,2024-08-02,Web
789,402,2024-11-23,Web
790,404,2024-11-17,Web
791,404,11/20/2024,Web
792,404,2024-12-14,Web
793,404,2024-11-19,Web
794,406,2023-04-18,Web
795,406,2024-12-10,Web
796,406,2024-08-09,Web
797,406,2023-10-31,In-Store
798,407,2024-12-06,Mobile
799,407,2024-01-20,Mobile
800,408,2024-11-30,Web
801,408,2024-10-21,Mobile
802,408,2024-11-25,Web
803,408,2024-11-26,Web
804,408,2024-12-07,Web
805,410,2024-02-25,Web
806,410,2024-09-21,Mobile
807,410,12/07/2024,In-Store
808,411,2024-01-24,Mobile
809,411,2024-10-30,Mobile
810,411,2024-10-30,Web
811,411,2023-10-18,Web
812,411,2023-12-14,Mobile
813,411,2024-03-18,Mobile
814,412,2024-11-11,Mobile
815,413,2024-08-16,Web
816,413,2024-06-08,In-Store
817,413,2024-10-02,Web
818,414,2024-08-29,Mobile
819,416,2024-11-26,Web
820,417,2024-05-28,Web
821,417,07/01/2024,Web
822,419,12/15/2023,Web
823,420,2024-10-17,Web
824,421,2024-10-01,Web
825,421,2024-11-19,In-Store
826,421,2024-11-26,Mobile
827,421,2024-08-29,Mobile
828,423,2024-12-11,Web
829,423,2024-12-03,Mobile
830,423,12/14/2024,Web
831,423,2024-12-05,Web
832,423,2024-12-28,Web
833,423,2024-12-08,Web
834,423,2024-12-10,In-Store
835,423,2024-12-09,Mobile
836,423,2024-12-25,Mobile
837,423,2024-12-11,Web
838,424,2024-12-17,Web
839,424,2024-10-27,Web
840,424,2024-09-04,Mobile
841,424,2024-09-14,Mobile
842,424,2024-12-14,Mobile
843,425,12/20/2024,Web
844,427,2024-09-23,In-Store
845,428,2024-12-13,Web
846,428,2024-11-10,Web
847,428,2024-10-25,Mobile
848,428,2024-11-01,Web
849,430,2024-12-24,Web
850,431,2024-08-09,Mobile
851,432,2024-11-08,Web
852,434,2024-10-20,Web
853,434,2024-10-29,Web
854,434,2024-12-06,Web
855,435,2024-02-10,Mobile
856,437,10/21/2023,In-Store
857,437,2024-11-11,Mobile
858,439,2024-03-31,Web
859,440,2023-10-24,Web
860,441,2024-12-28,Web
861,441,2024-09-30,In-Store
862,442,2024-09-26,Web
863,442,08/06/2024,Mobile
864,442,2024-07-23,Mobile
865,442,2024-11-09,Web
866,442,2024-05-10,Web
867,443,2024-10-31,Web
868,443,2024-11-03,Web
869,444,2023-12-31,Web
870,446,2024-04-02,Web
871,446,2023-10-22,Web
872,450,2024-12-27,Web
873,451,2024-12-03,Web
874,453,2024-10-14,Mobile
875,453,2024-06-24,Mobile
876,455,2024-12-22,Web
877,456,2024-06-25,Web
878,460,2023-07-29,In-Store
879,460,10/16/2023,Mobile
880,460,2024-09-04,Web
881,460,2023-10-30,Web
882,460,2024-06-03,In-Store
883,460,2023-09-25,In-Store
884,460,2024-08-11,Web
885,460,2024-05-26,In-Store
886,461,2024-06-02,Web
887,461,2024-11-27,Web
888,461,2024-03-29,Web
889,462,2024-12-03,In-Store
890,463,2024-11-22,Web
891,463,2024-11-22,Mobile
892,464,2024-03-07,Web
893,464,10/14/2023,Web
894,464,2024-10-18,Web
895,464,2024-12-03,Mobile
896,464,2023-08-21,Web
897,465,2024-10-15,In-Store
898,465,2024-09-25,Web
899,465,10/09/2024,Web
900,465,2024-09-03,In-Store
901,466,2024-12-11,Mobile
902,469,2024-10-18,Web
903,470,2024-10-06,Mobile
904,473,2024-11-25,Web
905,474,2024-12-13,In-Store
906,474,2024-10-18,In-Store
907,474,2024-12-17,Web
908,475,2024-11-16,Web
909,475,2024-11-27,Web
910,475,2024-12-18,Web
911,477,2024-12-16,Web
912,477,2024-12-29,Mobile
913,477,2024-12-16,Web
914,477,2024-12-20,Web
915,477,2024-12-12,Mobile
916,478,2024-12-29,Mobile
917,479,2023-06-10,Web
918,479,2023-11-22,Web
919,480,2024-10-28,Mobile
920,480,2024-11-27,Mobile
921,481,2024-05-04,Web
922,481,2024-10-20,Mobile
923,481,2024-11-08,Web
924,481,2024-12-16,Web
925,481,12/09/2024,Mobile
926,483,2024-04-08,Mobile
927,483,2024-01-07,Web
928,483,2024-04-03,In-Store
929,486,2024-12-20,Mobile
930,486,2024-12-27,Web
931,489,2024-12-07,Web
932,491,2024-11-26,Mobile
933,492,2024-12-17,In-Store
934,492,2024-11-06,In-Store
935,492,2024-12-02,Mobile
936,492,2024-12-13,Mobile
937,493,2024-06-15,Web
938,493,10/20/2024,Web
939,494,05/16/2024,Mobile
940,494,2024-11-02,In-Store
941,494,2024-06-02,Mobile
942,494,2024-10-02,Web
943,494,2024-11-07,Mobile
944,496,2024-12-08,In-Store
945,496,11/14/2024,Web
946,497,2024-12-20,Web
947,499,2024-10-23,Web
948,499,2024-11-03,Web
949,499,2024-08-20,Web
950,499,2024-08-10,Web
951,499,2024-12-23,Mobile
952,499,2024-09-15,Web
953,499,2024-11-17,Mobile
954,501,2024-12-16,Mobile
955,501,2024-12-14,In-Store
956,501,2024-11-26,Mobile
957,501,2024-12-13,In-Store
958,502,2024-11-04,Web
959,503,2024-12-28,In-Store
960,504,2024-01-21,Web
961,504,2024-11-28,In-Store
962,505,2024-08-09,Mobile
963,506,11/12/2023,Web
964,506,2024-11-04,Mobile
965,506,2024-05-03,Mobile
966,507,2023-07-12,Web
967,507,2023-12-07,Web
968,508,2024-09-24,Mobile
969,510,2024-11-07,Mobile
970,511,2024-10-26,Mobile
971,513,2024-11-26,Web
972,514,2024-02-27,Mobile
973,516,2024-11-09,Web
974,516,2024-12-24,Web
975,518,2024-10-13,Web
976,518,2024-09-06,Web
977,518,2024-08-08,Web
978,520,2024-12-11,Mobile
979,520,2024-12-25,Web
980,520,2024-11-06,Mobile
981,521,2024-10-18,Web
982,523,2023-12-05,Web
983,523,2023-07-01,Web
984,524,2024-12-14,Web
985,525,2024-08-11,Mobile
986,525,2024-07-21,Web
987,525,2024-11-22,In-Store
988,526,2024-12-08,In-Store
989,527,2024-11-01,Web
990,528,2024-11-15,Web
991,529,2024-12-26,Web
992,532,2024-11-22,Web
993,532,2024-08-06,Mobile
994,533,2024-04-22,Web
995,534,2024-09-03,Web
996,537,11/13/2024,Web
997,537,2024-11-20,Web
998,537,2024-12-15,Web
999,537,2024-11-28,Web
1000,537,2024-12-27,Mobile
1001,537,2024-08-22,Mobile
1002,537,2024-10-30,Web
1003,538,2024-10-02,Mobile
1004,538,2024-09-05,Mobile
1005,540,09/23/2024,Web
1006,541,2024-08-26,Mobile
1007,541,2024-11-04,Web
1008,542,2024-12-20,Web
1009,542,2024-12-24,Web
1010,543,2024-04-20,Mobile
1011,544,2024-04-29,Web
1012,545,10/27/2023,Web
1013,546,2023-12-05,Mobile
1014,546,2023-06-08,Mobile
1015,546,2024-10-22,Web
1016,546,2024-12-28,Web
1017,546,2024-02-11,In-Store
1018,547,2024-10-03,Web
1019,549,09/01/2024,Mobile
1020,551,2024-10-23,Web
1021,552,2024-12-02,Mobile
1022,552,2024-03-26,Web
1023,552,2024-11-20,Mobile
1024,552,2024-03-28,Web
1025,552,2024-03-27,Mobile
1026,552,2024-01-30,Web
1027,552,2024-12-25,Mobile
1028,552,2024-06-20,Web
1029,553,2024-11-30,Mobile
1030,553,2024-12-22,Web
1031,553,2024-10-28,Mobile
1032,553,2024-08-29,Web
1033,553,2024-11-18,Mobile
1034,555,2024-03-26,Web
1035,556,2024-11-21,Mobile
1036,557,2024-12-06,Web
1037,557,12/01/2024,Web
1038,560,2024-11-20,Web
1039,561,2024-04-14,Web
1040,561,2024-06-03,Web
1041,561,2024-12-07,Mobile
1042,561,11/19/2024,Mobile
1043,561,2024-12-05,Mobile
1044,562,2024-04-22,Web
1045,564,2023-09-29,Web
1046,564,2024-08-27,Mobile
1047,565,2024-11-25,Web
1048,566,12/04/2023,Web
1049,568,2024-12-15,Web
1050,568,2024-12-21,Web
1051,568,2024-12-22,Web
1052,568,2024-12-24,Web
1053,568,12/17/2024,Web
1054,569,2023-07-20,Mobile
1055,569,2024-12-12,Mobile
1056,569,2023-08-06,Mobile
1057,570,07/19/2024,Web
1058,570,2024-07-31,Web
1059,571,06/09/2024,Web
1060,571,2024-12-25,Web
1061,571,2024-12-11,Web
1062,571,2024-10-10,Mobile
1063,572,08/05/2024,Web
1064,572,2024-06-29,Mobile
1065,573,2024-12-29,Mobile
1066,573,2024-12-30,Web
1067,573,2024-12-29,Mobile
1068,573,2024-12-27,Mobile
1069,573,2024-12-29,Web
1070,574,2024-09-01,Web
1071,574,2024-10-13,Mobile
1072,575,2024-02-10,Web
1073,576,2024-11-29,Web
1074,576,2024-02-03,Mobile
1075,577,2024-12-09,Web
1076,578,09/15/2024,Web
1077,579,2024-11-05,Mobile
1078,579,2024-12-05,Web
1079,580,2024-06-14,Mobile
1080,582,2024-02-21,Mobile
1081,583,2024-12-14,In-Store
1082,583,2024-11-22,Web
1083,583,2024-12-08,Mobile
1084,584,2024-11-02,Mobile
1085,588,2024-12-21,Mobile
1086,588,2024-12-14,Mobile
1087,589,2024-12-25,Web
1088,590,06/01/2024,Mobile
1089,590,2024-07-09,Web
1090,591,2023-11-04,Web
1091,591,2023-09-08,Mobile
1092,591,2023-08-15,Web
1093,591,2023-11-04,Web
1094,591,2024-04-26,Web
1095,593,2024-12-15,Web
1096,593,2024-12-13,Web
1097,593,2024-11-21,Mobile
1098,593,2024-09-22,Web
1099,594,2024-12-29,Mobile
1100,594,2024-04-08,In-Store
1101,594,2024-02-24,Web
1102,595,11/10/2023,Mobile
1103,595,2024-11-22,Web
1104,597,12/03/2024,In-Store
1105,601,2024-09-05,Mobile
1106,601,2024-06-08,Mobile
1107,602,2024-12-13,Mobile
1108,603,2024-11-23,Mobile
1109,603,2024-11-16,Mobile
1110,603,2024-11-20,Mobile
1111,604,2024-08-09,Web
1112,604,2024-07-01,Mobile
1113,605,2024-11-29,Web
1114,605,2024-12-25,Web
1115,605,2024-12-25,Web
1116,605,2024-11-19,In-Store
1117,605,2024-12-08,Mobile
1118,605,2024-12-24,In-Store
1119,606,2023-12-30,In-Store
1120,608,2024-05-27,Web
1121,609,2024-05-23,Web
1122,610,10/06/2024,Web
1123,611,11/09/2024,Mobile
1124,611,2024-10-14,Mobile
1125,612,2024-10-26,Web
1126,612,2023-12-06,Mobile
1127,612,2024-06-04,Mobile
1128,612,2024-05-26,Web
1129,612,2024-10-14,In-Store
1130,613,2024-09-14,Web
1131,613,2024-10-28,Web
1132,614,2024-09-12,Web
1133,614,2024-09-16,Mobile
1134,614,2024-12-12,Web
1135,614,2024-09-15,Web
1136,614,2024-11-16,Mobile
1137,614,2024-04-19,Mobile
1138,614,2024-12-10,Web
1139,615,2023-12-15,Web
1140,615,2024-12-07,In-Store
1141,617,2024-11-27,Mobile
1142,617,07/23/2024,Web
1143,618,2024-06-28,Mobile
1144,618,2024-07-09,Web
1145,618,2024-07-06,Web
1146,619,2024-10-24,Web
1147,619,2024-07-31,Mobile
1148,619,2024-06-01,In-Store
1149,620,2024-07-23,Mobile
1150,621,2024-08-16,Web
1151,621,2024-10-17,In-Store
1152,621,2024-08-14,Mobile
1153,621,2024-11-29,Web
1154,621,2024-06-20,Web
1155,621,2024-05-30,In-Store
1156,622,2024-03-06,In-Store
1157,622,2023-12-21,Web
1158,622,04/24/2024,Mobile
1159,623,2024-11-24,Mobile
1160,623,2024-08-02,Web
1161,624,2024-04-20,Web
1162,624,2024-04-15,Web
1163,624,2024-04-26,In-Store
1164,624,2024-10-09,Mobile
1165,624,12/24/2024,Mobile
1166,624,2024-09-26,Web
1167,624,2024-04-09,Web
1168,624,2024-09-05,Mobile
1169,624,2024-07-31,Web
1170,624,2024-04-14,Web
1171,625,2024-04-07,Mobile
1172,625,2024-09-26,Web
1173,625,2024-10-31,Web
1174,626,2024-11-27,Web
1175,626,2023-12-15,In-Store
1176,626,2023-10-10,In-Store
1177,628,2024-11-17,Mobile
1178,628,2024-12-26,Web
1179,629,2024-06-06,Web
1180,629,2024-01-02,Web
1181,629,2023-08-25,Web
1182,629,2024-02-06,Mobile
1183,631,2023-08-04,In-Store
1184,631,2024-12-10,Web
1185,631,2024-11-26,Web
1186,631,08/01/2024,Web
1187,631,2024-10-06,Mobile
1188,631,2023-09-07,Web
1189,632,2024-09-26,Web
1190,632,2024-12-20,In-Store
1191,632,2024-08-07,In-Store
1192,632,07/26/2024,Mobile
1193,634,2024-08-27,In-Store
1194,634,2024-12-06,Mobile
1195,634,2024-12-07,In-Store
1196,635,2024-11-18,Web
1197,635,2023-12-23,In-Store
1198,635,2023-12-02,Web
1199,635,2024-07-28,Web
1200,636,2023-06-04,In-Store
1201,636,2024-06-27,Web
1202,636,2024-09-29,Mobile
1203,638,2024-11-12,Web
1204,639,2024-01-01,Web
1205,640,2024-10-13,Web
1206,640,2024-08-22,Web
1207,641,2024-06-16,Web
1208,641,2024-12-07,Web
1209,642,2024-12-23,Mobile
1210,642,2023-12-11,Web
1211,642,2024-12-19,Mobile
1212,642,2024-12-07,In-Store
1213,643,09/19/2024,Mobile
1214,644,2024-07-23,Web
1215,644,2023-08-12,Mobile
1216,645,2024-12-19,Mobile
1217,645,2024-08-26,In-Store
1218,647,2023-05-24,Mobile
1219,647,2024-07-22,Mobile
1220,647,2024-12-03,Mobile
1221,647,2024-11-21,Web
1222,647,2023-12-23,Web
1223,647,2023-12-28,Mobile
1224,647,2023-07-18,Web
1225,647,2023-10-09,Web
1226,647,2024-06-05,Mobile
1227,647,2024-11-24,Mobile
1228,647,2023-08-31,Mobile
1229,647,2023-05-11,Web
1230,647,2023-10-07,Web
1231,648,2023-11-15,Mobile
1232,648,2024-08-13,Mobile
1233,648,2024-03-24,Web
1234,650,2024-11-05,Mobile
1235,650,2024-05-23,In-Store
1236,650,2024-08-16,Web
1237,652,10/26/2024,Web
1238,652,2024-11-25,Web
1239,652,2024-10-19,Web
1240,655,2024-11-28,Web
1241,656,2024-11-27,Mobile
1242,657,2024-12-02,Web
1243,657,2024-12-20,Web
1244,658,2023-12-09,Web
1245,658,2024-12-13,Mobile
1246,658,2023-11-04,Web
1247,658,11/18/2023,Web
1248,660,2024-02-10,In-Store
1249,660,2024-11-07,In-Store
1250,661,04/28/2024,Mobile
1251,661,2024-05-20,Mobile
1252,661,2024-07-04,Mobile
1253,661,2024-08-04,Web
1254,661,2024-01-30,Mobile
1255,662,2024-12-30,Mobile
1256,662,2024-12-17,In-Store
1257,662,2024-12-08,Mobile
1258,662,12/25/2024,Mobile
1259,662,2024-12-07,In-Store
1260,663,2024-05-09,Mobile
1261,663,2024-03-08,Web
1262,663,2024-06-11,Web
1263,664,09/06/2024,Mobile
1264,664,2024-12-05,Mobile
1265,664,12/11/2024,In-Store
1266,665,2023-08-08,Mobile
1267,665,2023-11-08,Web
1268,666,12/04/2024,In-Store
1269,667,2024-11-12,Mobile
1270,667,2024-11-11,Mobile
1271,667,2024-12-07,Mobile
1272,669,2023-12-21,Web
1273,670,09/03/2024,Web
1274,670,2024-11-22,In-Store
1275,670,2024-08-05,Mobile
1276,670,2024-11-04,Web
1277,670,2024-10-13,Web
1278,670,2024-08-11,Mobile
1279,670,2024-12-29,Mobile
1280,670,2024-06-28,In-Store
1281,670,2024-05-11,In-Store
1282,670,2024-08-19,Mobile
1283,672,2024-12-08,Mobile
1284,673,2024-10-27,Web
1285,673,2024-09-24,Web
1286,673,2024-11-09,In-Store
1287,674,2024-08-03,Web
1288,675,2024-12-30,Web
1289,677,2023-10-22,Web
1290,677,2024-11-30,Web
1291,677,2024-05-05,Web
1292,680,2024-12-02,Web
1293,681,2023-09-17,Mobile
1294,682,2024-05-14,Web
1295,682,11/08/2024,In-Store
1296,684,2024-12-27,Web
1297,685,2024-08-22,Web
1298,685,2024-11-28,In-Store
1299,686,2024-12-25,Mobile
1300,687,2024-11-05,Web
1301,687,2024-11-12,In-Store
1302,689,2024-07-20,Web
1303,689,2024-12-27,Web
1304,689,2024-11-01,Web
1305,690,2024-12-30,Web
1306,691,2024-09-12,Web
1307,691,2024-11-29,Mobile
1308,692,2024-06-15,Web
1309,692,11/14/2024,Web
1310,695,2023-09-12,Web
1311,698,2024-12-14,Web
1312,698,2024-11-10,Web
1313,701,10/25/2023,Mobile
1314,703,2024-11-07,Web
1315,703,09/25/2024,Web
1316,704,2024-11-27,In-Store
1317,704,2024-12-22,Web
1318,704,12/04/2024,In-Store
1319,704,2024-12-26,Mobile
1320,704,2024-11-13,Mobile
1321,704,2024-12-05,Web
1322,705,2024-12-26,Web
1323,705,2024-12-11,In-Store
1324,705,2024-12-30,Web
1325,705,12/17/2024,Mobile
1326,705,2024-12-29,Web
1327,706,06/13/2024,Web
1328,708,2024-03-14,Web
1329,709,2023-12-28,Web
1330,709,2024-12-10,Mobile
1331,710,2024-08-22,Web
1332,710,2024-12-27,Web
1333,711,2024-08-15,Mobile
1334,713,2024-11-19,Mobile
1335,713,2024-11-26,Web
1336,715,2024-12-01,Web
1337,717,12/20/2024,In-Store
1338,717,11/23/2024,Mobile
1339,717,2024-12-20,Web
1340,717,2024-12-11,Web
1341,717,2024-12-14,Web
1342,717,2024-12-19,Mobile
1343,718,2024-11-29,Web
1344,718,2024-11-13,Mobile
1345,718,2024-11-26,Web
1346,718,2024-04-25,Mobile
1347,718,2024-12-11,Web
1348,721,2024-11-13,Web
1349,721,2024-11-28,Mobile
1350,722,2024-12-09,Web
1351,722,2024-11-14,Mobile
1352,722,2024-10-29,Mobile
1353,722,2024-09-29,Mobile
1354,722,2024-12-23,Web
1355,722,2024-09-17,Web
1356,722,2024-09-09,Web
1357,722,2024-09-29,In-Store
1358,723,08/27/2024,Web
1359,723,2024-07-12,Web
1360,723,2024-09-23,Web
1361,726,09/12/2023,Web
1362,726,2023-12-14,Web
1363,726,2024-03-06,Web
1364,726,2023-12-01,Mobile
1365,726,2024-12-19,Web
1366,726,2023-11-05,Mobile
1367,726,2024-09-30,Mobile
1368,726,2024-04-21,In-Store
1369,726,2024-04-01,Mobile
1370,727,2024-11-01,In-Store
1371,729,2024-11-22,Web
1372,729,2024-10-09,Web
1373,730,2024-09-05,Web
1374,731,2024-12-23,Web
1375,731,2024-12-21,Web
1376,732,12/08/2023,Web
1377,732,2023-11-03,Mobile
1378,732,2024-12-29,Web
1379,732,2023-08-06,Web
1380,732,2023-12-23,Web
1381,732,2024-05-15,In-Store
1382,732,2023-11-13,In-Store
1383,732,2024-09-08,Mobile
1384,732,2024-01-17,Mobile
1385,732,2024-12-03,Web
1386,732,2024-12-15,Web
1387,732,2024-01-16,Web
1388,732,11/08/2023,In-Store
1389,733,2024-12-28,Web
1390,733,2024-12-25,Mobile
1391,734,2024-04-15,Web
1392,734,2023-11-09,Mobile
1393,734,2023-11-02,Web
1394,734,2023-12-29,Web
1395,736,2024-07-22,Mobile
1396,736,2024-06-14,Web
1397,736,2024-11-29,Web
1398,740,2024-10-19,Web
1399,740,2024-03-17,Mobile
1400,740,12/24/2024,Mobile
1401,740,2024-12-24,In-Store
1402,740,2024-11-11,Mobile
1403,740,2024-06-10,Web
1404,741,2023-09-29,Mobile
1405,742,2024-01-05,Web
1406,743,2023-11-07,In-Store
1407,745,2024-08-14,Mobile
1408,745,2024-12-15,Mobile
1409,745,2024-12-18,Mobile
1410,745,2024-10-06,Web
1411,745,2024-11-29,Web
1412,749,2024-06-13,Web
1413,749,2024-03-02,In-Store
1414,751,2023-07-04,Mobile
1415,752,2024-10-26,Mobile
1416,753,2024-07-14,Web
1417,754,2024-07-01,Web
1418,754,2024-08-07,Mobile
1419,754,2024-12-12,Web
1420,755,2023-08-19,Mobile
1421,755,2023-11-09,Mobile
1422,755,2024-12-27,Mobile
1423,757,2024-02-05,Mobile
1424,757,2024-02-08,Web
1425,758,2024-02-25,Mobile
1426,759,2024-11-02,Web
1427,759,2024-12-23,Mobile
1428,759,2024-06-22,In-Store
1429,760,2024-01-23,Mobile
1430,760,2024-03-12,Web
1431,760,2024-10-30,Web
1432,761,2024-07-12,Web
1433,761,2024-12-23,Web
1434,761,2024-11-02,Mobile
1435,761,2024-02-12,Mobile
1436,762,2024-12-11,Web
1437,762,06/28/2024,Web
1438,763,2024-08-25,Web
1439,764,2024-11-21,Web
1440,764,2024-12-30,Web
1441,764,2024-11-15,Web
1442,764,2024-11-23,Mobile
1443,765,2024-12-04,Web
1444,767,12/25/2024,Mobile
1445,767,2024-06-11,Mobile
1446,767,2024-06-20,Web
1447,770,2024-09-22,Web
1448,771,2024-11-21,Web
1449,771,2024-11-25,Web
1450,771,2024-11-20,Web
1451,771,2024-11-07,Web
1452,771,2024-10-12,In-Store
1453,771,2024-11-12,Mobile
1454,772,2024-06-26,Mobile
1455,773,2024-01-04,Web
1456,773,2024-08-25,Web
1457,773,2023-04-29,Mobile
1458,773,2024-10-21,Mobile
1459,773,2023-09-19,Mobile
1460,777,2024-12-16,In-Store
1461,778,2024-11-24,Web
1462,778,2024-07-23,Mobile
1463,779,2024-08-29,Web
1464,779,2024-09-11,Web
1465,780,2024-11-22,Web
1466,781,2024-08-13,Web
1467,782,2024-12-25,In-Store
1468,782,2024-12-21,Web
1469,784,01/12/2024,In-Store
1470,785,2024-11-28,Web
1471,785,2024-04-28,Web
1472,785,2024-06-29,Web
1473,788,2024-08-23,Mobile
1474,791,2024-05-16,Web
1475,794,2024-10-16,Web
1476,795,2024-07-17,Mobile
1477,795,2024-07-04,Mobile
1478,796,2024-09-24,Mobile
1479,797,2023-11-27,Mobile
1480,797,08/30/2023,Web
1481,797,2023-11-21,Web
1482,798,09/14/2023,Mobile
1483,798,2023-12-22,Mobile
1484,798,2024-09-15,Web
1485,798,11/06/2024,In-Store
1486,799,12/24/2024,In-Store
1487,799,2024-12-08,Web
1488,799,2024-04-23,In-Store
1489,799,2024-11-30,Mobile
1490,799,2024-07-13,Web
1491,799,2024-09-15,Mobile
1492,799,2024-12-13,Web
1493,800,2024-07-16,Web
1494,800,2024-05-08,Web
1495,800,2024-11-20,Web
1496,800,2024-09-15,Web
1497,800,11/02/2024,Web
1498,801,2024-12-06,Mobile
1499,801,2024-11-15,Mobile
1500,801,2024-12-11,Mobile
1501,801,2024-08-04,Mobile
1502,801,08/07/2024,Web
1503,801,2024-07-04,In-Store
1504,802,2024-11-22,Web
1505,802,10/20/2024,In-Store
1506,802,2024-12-28,Mobile
1507,802,2024-12-19,Web
1508,802,2024-12-03,Web
1509,802,2024-12-08,Web
1510,802,2024-11-01,Web
1511,802,2024-11-30,Web
1512,802,2024-11-12,Web
1513,803,2024-04-29,Mobile
1514,803,2024-06-15,Web
1515,804,2024-12-01,Mobile
1516,804,2024-11-02,Web
1517,804,11/07/2024,Web
1518,804,2024-10-23,Web
1519,805,2024-12-21,Web
1520,805,2024-11-17,Mobile
1521,805,2024-06-12,In-Store
1522,805,2024-10-02,Web
1523,806,2024-03-27,In-Store
1524,807,2024-02-29,Web
1525,807,2023-10-08,In-Store
1526,808,2024-09-29,Mobile
1527,808,2024-08-03,In-Store
1528,808,2024-07-29,Mobile
1529,808,2024-12-28,Mobile
1530,812,10/20/2024,Web
1531,813,2024-12-03,Web
1532,813,2024-11-04,Mobile
1533,813,2024-12-29,Mobile
1534,813,11/25/2024,Mobile
1535,813,2024-12-23,Web
1536,813,2024-12-05,Mobile
1537,813,2024-12-07,Web
1538,813,2024-11-26,Mobile
1539,814,2023-12-14,Mobile
1540,814,2024-11-09,Web
1541,815,2024-11-24,In-Store
1542,817,2024-06-13,Web
1543,817,2024-11-19,Mobile
1544,819,2024-07-18,Mobile
1545,822,2024-11-11,Web
1546,822,2024-09-01,Web
1547,822,2024-11-28,Mobile
1548,823,2024-10-10,Web
1549,824,2024-12-24,Mobile
1550,826,2024-12-05,Web
1551,826,2024-04-19,Web
1552,826,2024-11-26,Web
1553,826,2024-08-28,Mobile
1554,826,2023-11-12,Web
1555,827,2024-08-13,Mobile
1556,827,2024-11-03,Web
1557,827,2024-01-07,Mobile
1558,827,2023-09-18,Mobile
1559,830,2024-09-19,Web
1560,832,2024-06-24,Web
1561,832,2024-10-18,Mobile
1562,834,2024-10-03,Mobile
1563,834,2024-10-13,Web
1564,834,10/03/2024,Mobile
1565,835,07/24/2024,Web
1566,835,2024-12-26,Mobile
1567,835,2024-08-31,In-Store
1568,835,2024-09-03,Mobile
1569,837,2024-12-05,Web
1570,837,2024-11-26,Mobile
1571,838,2024-11-04,Mobile
1572,839,2024-12-26,Web
1573,839,2024-10-01,Web
1574,839,04/17/2024,Web
1575,839,2024-11-29,Web
1576,839,2024-03-10,Mobile
1577,839,2024-09-11,Web
1578,839,2024-03-22,Mobile
1579,839,2024-11-04,Web
1580,839,2024-09-09,Mobile
1581,839,2024-08-25,Mobile
1582,839,2024-09-25,Web
1583,839,2024-11-03,Web
1584,839,2024-09-21,Web
1585,839,2024-10-30,Mobile
1586,840,12/02/2024,In-Store
1587,841,2024-11-08,Web
1588,841,2024-12-18,Web
1589,842,2024-11-11,Mobile
1590,842,2024-12-08,Mobile
1591,845,2024-06-25,Web
1592,845,2024-04-27,Web
1593,845,2024-04-12,Web
1594,845,2024-04-20,Web
1595,845,2024-11-04,Mobile
1596,845,2024-12-13,Web
1597,845,2024-05-17,Web
1598,845,2024-07-13,Web
1599,845,2024-08-07,Web
1600,845,2024-04-12,Web
1601,845,2024-10-05,Mobile
1602,845,2024-12-15,Web
1603,846,2024-10-11,Web
1604,847,2024-08-07,Web
1605,847,2024-11-07,Web
1606,847,2024-08-09,Mobile
1607,848,10/26/2024,Web
1608,849,2024-02-03,In-Store
1609,849,05/17/2024,In-Store
1610,849,2024-11-08,Web
1611,849,04/06/2024,Web
1612,851,09/26/2024,Mobile
1613,853,2024-08-22,In-Store
1614,853,2023-09-06,Web
1615,853,2024-03-01,Web
1616,855,2024-08-27,Mobile
1617,855,2023-10-04,Mobile
1618,856,2024-03-22,Web
1619,856,2024-12-09,Mobile
1620,856,2024-11-04,Mobile
1621,856,2024-12-07,Web
1622,857,2024-12-25,Mobile
1623,858,2024-06-24,Web
1624,858,2024-09-29,Web
1625,859,2024-11-21,Web
1626,862,2024-09-15,Web
1627,864,04/19/2024,Mobile
1628,864,2023-12-04,Mobile
1629,864,2023-12-20,Web
1630,864,2024-09-19,Web
1631,864,2023-11-08,Web
1632,864,2024-03-22,Web
1633,864,2024-03-31,Web
1634,864,2024-04-06,Mobile
1635,865,2024-11-20,Web
1636,866,2024-07-14,Mobile
1637,867,2024-11-27,In-Store
1638,868,2024-06-11,Mobile
1639,868,2024-04-23,In-Store
1640,868,2024-08-22,Web
1641,868,2024-12-13,Web
1642,868,2024-10-15,Mobile
1643,872,2024-10-20,Web
1644,873,2024-09-05,Web
1645,873,2024-06-10,In-Store
1646,873,2024-10-03,Web
1647,873,11/23/2024,Web
1648,873,2024-11-06,Web
1649,874,2024-08-15,Mobile
1650,875,2024-12-26,Web
1651,875,2024-08-02,Web
1652,876,2024-11-25,Mobile
1653,876,11/20/2024,Web
1654,876,2024-12-12,Web
1655,876,2024-12-26,Web
1656,876,2024-12-08,Web
1657,876,12/10/2024,Web
1658,877,2023-07-11,Web
1659,877,2024-02-15,Mobile
1660,878,2024-06-25,Web
1661,878,2024-11-05,Web
1662,880,2024-09-03,Mobile
1663,883,2024-07-22,Mobile
1664,883,2024-08-22,Mobile
1665,883,2024-11-15,Mobile
1666,885,2024-08-21,Web
1667,885,12/11/2024,In-Store
1668,885,2024-11-10,Web
1669,885,12/21/2024,Web
1670,885,2024-12-28,Web
1671,885,2024-10-05,Web
1672,885,2024-10-14,Mobile
1673,886,2024-05-16,Web
1674,888,2024-11-26,Mobile
1675,889,2023-05-15,Web
1676,889,2024-12-05,Web
1677,889,2024-11-23,Web
1678,889,2023-10-25,Web
1679,891,2023-12-29,Web
1680,891,2024-02-29,Mobile
1681,891,2024-02-05,Mobile
1682,893,2024-12-20,In-Store
1683,894,2023-04-28,Mobile
1684,895,2024-07-12,Web
1685,895,2024-10-28,Mobile
1686,897,2024-12-09,In-Store
1687,897,2024-12-16,Mobile
1688,898,2024-12-28,Web
1689,899,2024-05-22,Web
1690,901,2024-12-09,Web
1691,901,2024-11-28,Web
1692,901,2024-12-30,Mobile
1693,903,2024-11-29,Web
1694,903,2024-11-06,Web
1695,904,12/24/2024,Mobile
1696,905,2024-11-27,Mobile
1697,905,2024-08-28,Web
1698,908,2024-12-30,Web
1699,908,2024-12-28,Web
1700,908,2024-11-20,Mobile
1701,908,2024-12-14,Web
1702,909,2024-11-19,Web
1703,911,2024-03-20,In-Store
1704,911,2023-10-18,Mobile
1705,911,2024-07-18,Mobile
1706,911,2024-07-27,Mobile
1707,912,2024-11-25,Web
1708,912,2024-11-14,Mobile
1709,914,2024-03-10,Web
1710,914,2024-04-15,Web
1711,914,2023-12-09,Mobile
1712,914,2024-12-11,Mobile
1713,914,2024-12-12,Web
1714,915,2024-01-23,Mobile
1715,915,2023-11-26,Web
1716,915,2024-05-09,Mobile
1717,915,03/04/2024,Mobile
1718,915,2024-08-22,Web
1719,916,2023-10-19,Mobile
1720,919,2024-11-18,In-Store
1721,919,2024-08-28,Web
1722,920,2024-08-18,Web
1723,921,2024-10-17,In-Store
1724,922,2024-11-16,In-Store
1725,923,2024-12-02,Mobile
1726,923,2024-02-28,Mobile
1727,924,2024-03-19,Web
1728,926,2024-09-11,Mobile
1729,926,2024-04-09,Mobile
1730,927,2024-12-19,Web
1731,927,2024-09-10,Mobile
1732,928,2024-07-19,Web
1733,929,2024-03-11,Web
1734,929,2024-06-29,Web
1735,929,2023-11-28,In-Store
1736,929,2024-11-07,Web
1737,930,2024-05-25,Web
1738,930,2024-11-01,Mobile
1739,930,2024-11-27,Web
1740,931,2024-10-21,Mobile
1741,931,2024-11-18,Web
1742,931,11/03/2024,Mobile
1743,931,2024-12-16,Web
1744,931,2024-11-23,Mobile
1745,931,2024-12-27,In-Store
1746,931,2024-11-17,Mobile
1747,933,2024-11-12,Web
1748,934,2024-03-05,Mobile
1749,935,2023-12-10,Web
1750,935,2023-08-25,In-Store
1751,936,2024-09-19,Mobile
1752,936,2024-08-12,Web
1753,936,2024-07-10,Mobile
1754,936,2024-12-20,Mobile
1755,940,2024-10-02,Web
1756,940,2024-09-21,In-Store
1757,940,2024-08-28,Web
1758,941,2024-10-13,Mobile
1759,942,2024-04-27,Web
1760,944,2024-12-06,Web
1761,944,2024-11-09,Mobile
1762,944,2024-12-05,Web
1763,944,2024-07-26,Mobile
1764,946,2024-03-19,Web
1765,946,2024-11-10,Mobile
1766,947,2023-12-20,Mobile
1767,947,2024-01-27,Web
1768,947,2024-01-11,Mobile
1769,949,2024-11-10,Mobile
1770,950,2024-12-24,Mobile
1771,951,2024-12-16,Mobile
1772,954,2024-12-05,Web
1773,954,2024-12-14,Mobile
1774,955,2024-09-06,Mobile
1775,956,2024-11-29,In-Store
1776,956,2024-09-20,Web
1777,956,2024-09-05,Web
1778,956,2024-01-02,Web
1779,956,2024-03-07,Web
1780,958,2024-12-28,Web
1781,958,2024-12-17,Web
1782,959,2024-12-08,Web
1783,959,2024-12-12,In-Store
1784,959,12/30/2024,Web
1785,960,2024-07-23,Web
1786,960,2024-12-12,In-Store
1787,961,2024-08-07,Mobile
1788,961,2024-02-08,Web
1789,961,2023-12-21,Mobile
1790,961,2023-12-03,Mobile
1791,962,2024-12-15,Mobile
1792,964,2024-11-10,Web
1793,965,2024-12-18,Mobile
1794,967,2024-12-08,In-Store
1795,967,2024-12-03,Web
1796,967,2024-12-08,Mobile
1797,967,2024-12-25,In-Store
1798,967,2024-12-15,Mobile
1799,967,2024-12-08,Mobile
1800,967,2024-12-28,Web
1801,967,2024-12-26,Mobile
1802,968,2024-11-16,Web
1803,969,2024-03-28,Web
1804,969,2024-09-06,Mobile
1805,970,2024-12-14,Mobile
1806,970,2024-12-03,Mobile
1807,972,2024-10-30,Web
1808,973,2024-03-24,Web
1809,973,2024-08-11,Mobile
1810,973,2023-12-28,Web
1811,974,2024-12-20,In-Store
1812,974,2024-09-25,Mobile
1813,974,2024-12-08,Mobile
1814,975,08/17/2024,Web
1815,979,2024-10-06,Web
1816,979,2024-11-24,Mobile
1817,980,2024-01-20,Mobile
1818,981,2024-12-27,Web
1819,981,2023-12-03,Mobile
1820,981,2024-12-11,In-Store
1821,982,2024-09-09,Web
1822,986,2024-01-06,Web
1823,988,2024-03-10,Web
1824,988,2024-01-04,Mobile
1825,988,08/31/2024,Web
1826,988,2023-06-19,Mobile
1827,989,2024-12-30,Mobile
1828,989,2024-06-20,Web
1829,991,2023-12-14,Web
1830,991,2024-01-18,Mobile
1831,993,2024-12-19,Mobile
1832,994,2024-09-18,Web
1833,997,2024-07-08,Web
1834,997,2024-02-08,Web
1835,1000,2024-12-27,Mobile
1836,1000,2024-12-13,Mobile
1837,1002,2024-09-27,Web
1838,1003,2023-08-06,Web
1839,1003,2023-12-03,Web
1840,1004,2024-11-29,Web
1841,1004,12/08/2024,Mobile
1842,1004,2024-12-14,In-Store
1843,1005,2024-09-26,Mobile
1844,1005,2024-11-26,Mobile
1845,1007,2024-07-01,Mobile
1846,1007,11/19/2024,Mobile
1847,1007,2024-07-03,Web
1848,1008,2024-12-17,Web
1849,1008,2024-12-14,Web
1850,1010,2024-11-04,Web
1851,1010,2024-11-07,In-Store
1852,1010,2024-11-27,Web
1853,1010,2024-05-26,Mobile
1854,1010,2024-12-08,In-Store
1855,1010,2024-12-25,Web
1856,1010,2024-02-24,Web
1857,1010,2024-07-11,Web
1858,1010,2024-11-06,Web
1859,1010,2024-09-22,Web
1860,1013,2024-11-07,Mobile
1861,1013,2024-11-11,Web
1862,1013,2024-09-15,In-Store
1863,1013,12/14/2024,Web
1864,1014,2024-05-11,Mobile
1865,1014,2024-02-19,Web
1866,1015,2024-09-23,Mobile
1867,1015,2024-07-26,Web
1868,1015,2024-07-23,Mobile
1869,1015,2024-10-05,Web
1870,1015,2024-11-21,Web
1871,1015,11/14/2024,Web
1872,1015,2024-10-18,Web
1873,1015,2024-12-30,Web
1874,1015,2024-05-31,Mobile
1875,1015,2024-11-26,Web
1876,1017,2024-12-27,Web
1877,1018,2024-02-09,In-Store
1878,1019,2024-11-11,Mobile
1879,1019,2024-10-30,In-Store
1880,1019,2024-05-27,Web
1881,1019,2024-10-29,Web
1882,1019,03/07/2024,Web
1883,1020,11/16/2024,Web
1884,1020,2024-10-20,Web
1885,1020,2024-08-09,Web
1886,1020,2024-12-06,Web
1887,1021,2024-01-19,Mobile
1888,1021,2024-12-01,Mobile
1889,1021,2024-01-19,Web
1890,1022,2024-07-08,Web
1891,1022,2024-06-18,Web
1892,1022,2024-10-28,Web
1893,1025,2024-12-29,In-Store
1894,1026,2024-11-16,Web
1895,1026,2024-08-13,Web
1896,1027,2024-11-22,Mobile
1897,1027,2024-12-12,In-Store
1898,1027,2024-12-18,In-Store
1899,1027,2024-12-06,Web
1900,1027,2024-12-05,Web
1901,1027,2024-12-02,Web
1902,1027,2024-12-29,Web
1903,1027,2024-12-12,Web
1904,1027,2024-12-25,Web
1905,1027,2024-12-06,Web
1906,1028,11/29/2024,In-Store
1907,1029,2024-12-15,Mobile
1908,1029,2024-11-22,Mobile
1909,1029,2024-12-29,Web
1910,1030,2024-04-17,Web
1911,1030,2024-02-07,In-Store
1912,1031,06/07/2024,Web
1913,1031,2024-01-15,Web
1914,1032,2024-11-11,Mobile
1915,1032,2024-12-28,Web
1916,1033,2024-11-01,Web
1917,1033,2024-10-13,Web
1918,1036,2024-03-07,Mobile
1919,1036,2024-06-07,Mobile
1920,1036,2024-09-11,Mobile
1921,1038,2023-11-02,Web
1922,1038,2023-11-23,Web
1923,1038,2024-06-20,Web
1924,1038,2023-10-03,Web
1925,1038,2024-01-04,Mobile
1926,1040,2024-07-27,In-Store
1927,1040,12/21/2024,Web
1928,1042,2024-05-29,Mobile
1929,1042,2023-10-18,Web
1930,1042,2024-11-14,Web
1931,1043,2023-05-07,Mobile
1932,1044,2024-07-09,Mobile
1933,1045,2024-12-01,Mobile
1934,1045,2024-12-10,Web
1935,1045,2024-12-10,Mobile
1936,1045,2024-11-23,Web
1937,1045,2024-12-29,Web
1938,1046,2024-08-04,Web
1939,1046,2024-09-18,Web
1940,1046,2024-06-10,Web
1941,1046,12/11/2024,Web
1942,1046,2024-12-27,Web
1943,1048,2024-04-25,Web
1944,1051,2024-09-08,Mobile
1945,1052,2024-11-08,Mobile
1946,1053,01/15/2024,Web
1947,1053,2024-04-29,Web
1948,1053,09/13/2024,Web
1949,1053,2023-07-27,In-Store
1950,1053,2024-04-12,Web
1951,1053,2024-01-01,Web
1952,1053,2024-03-20,Mobile
1953,1053,2024-12-09,Web
1954,1053,11/26/2024,In-Store
1955,1055,2024-07-07,In-Store
1956,1056,2024-08-02,Web
1957,1057,2024-01-16,Web
1958,1058,2024-12-19,Mobile
1959,1058,2024-09-30,Web
1960,1060,2023-07-25,Mobile
1961,1060,2023-05-20,Mobile
1962,1060,2023-04-30,Web
1963,1060,2023-08-06,Mobile
1964,1060,2023-11-08,Web
1965,1060,01/07/2024,Mobile
1966,1060,2024-08-17,Mobile
1967,1060,2023-10-12,Mobile
1968,1061,10/20/2024,In-Store
1969,1062,2024-11-26,Web
1970,1062,2024-12-09,Web
1971,1062,2024-12-11,In-Store
1972,1062,2024-11-16,Web
1973,1063,2024-11-18,Web
1974,1063,05/12/2024,Web
1975,1063,2024-04-20,Web
1976,1063,2024-09-28,Mobile
1977,1063,2024-07-14,Mobile
1978,1064,12/04/2024,In-Store
1979,1064,11/01/2024,In-Store
1980,1068,2024-11-23,Web
1981,1068,2024-08-29,Mobile
1982,1070,2024-10-16,In-Store
1983,1070,2024-05-11,Web
1984,1070,2024-07-19,Mobile
1985,1070,2024-01-13,Web
1986,1071,2024-08-28,Web
1987,1071,2024-04-15,Mobile
1988,1072,2024-06-29,Web
1989,1072,2024-12-06,Web
1990,1072,2024-11-15,Mobile
1991,1073,2023-12-16,In-Store
1992,1073,2024-04-04,Mobile
1993,1074,2024-11-27,Web
1994,1074,2024-12-04,Web
1995,1074,08/09/2024,Web
1996,1075,11/27/2024,Web
1997,1075,2024-09-19,Mobile
1998,1075,2024-08-24,Web
1999,1078,2023-12-24,Web
2000,1078,2023-11-11,Web
2001,1078,2023-12-04,Mobile
2002,1078,2024-11-30,Web
2003,1082,2023-08-26,Web
2004,1082,2024-11-17,Mobile
2005,1083,2024-12-22,Mobile
2006,1083,2024-12-29,Web
2007,1083,2024-12-09,Mobile
2008,1083,2024-12-29,Mobile
2009,1087,2024-12-08,Web
2010,1089,2024-12-06,Web
2011,1089,12/13/2024,Web
2012,1089,2023-12-12,Mobile
2013,1091,2024-03-25,Mobile
2014,1093,2024-12-19,Mobile
2015,1095,2024-10-03,Mobile
2016,1095,2024-12-23,In-Store
2017,1095,2024-10-28,Web
2018,1095,2024-11-03,In-Store
2019,1095,2024-10-12,Mobile
2020,1095,2024-11-25,Mobile
2021,1096,2024-10-10,In-Store
2022,1096,2024-02-24,Web
2023,1096,2024-11-23,Mobile
2024,1098,2023-10-21,Web
2025,1099,2023-12-28,Web
2026,1099,2023-12-17,Mobile
2027,1099,2024-07-13,In-Store
2028,1099,2024-02-19,Web
2029,1099,2024-05-15,Mobile
2030,1100,2024-04-03,Mobile
2031,1100,2024-07-12,Mobile
2032,1102,2024-05-18,In-Store
2033,1102,2024-09-20,Web
2034,1103,2024-08-05,Mobile
2035,1103,2024-11-12,Web
2036,1103,2023-12-20,Web
2037,1104,2023-10-18,Mobile
2038,1106,2024-11-12,Web
2039,1106,2024-11-27,Web
2040,1107,2024-11-29,Web
2041,1108,2024-12-06,Web
2042,1112,2024-12-27,Mobile
2043,1112,2024-11-29,Mobile
2044,1113,12/02/2023,Web
2045,1113,2024-10-04,Web
2046,1114,2024-11-07,Mobile
2047,1114,2024-09-30,Web
2048,1114,2024-10-28,Web
2049,1114,2024-12-13,In-Store
2050,1114,2024-11-27,Web
2051,1116,11/16/2024,Mobile
2052,1118,2024-11-08,Web
2053,1118,2024-08-26,Mobile
2054,1118,2024-09-21,In-Store
2055,1118,2024-11-12,Web
2056,1120,2024-11-02,In-Store
2057,1120,2024-12-16,Web
2058,1122,08/07/2024,Web
2059,1123,2024-01-21,Web
2060,1123,2024-12-27,In-Store
2061,1123,2024-08-15,Web
2062,1123,2024-03-05,Web
2063,1123,09/12/2024,Web
2064,1125,2024-11-28,Web
2065,1127,2024-12-06,In-Store
2066,1130,2024-09-08,Mobile
2067,1130,2024-09-24,Mobile
2068,1130,2024-11-21,Mobile
2069,1135,2024-10-13,In-Store
2070,1135,2024-08-22,Web
2071,1136,2024-11-11,Mobile
2072,1138,2024-02-11,Web
2073,1138,2024-05-07,Mobile
2074,1138,2023-12-28,Web
2075,1138,2024-02-23,Mobile
2076,1138,2024-04-27,Mobile
2077,1138,2024-06-10,Web
2078,1138,2024-03-19,Web
2079,1139,2024-11-05,Mobile
2080,1139,2024-12-27,Web
2081,1140,11/23/2024,Web
2082,1140,2024-11-09,Web
2083,1140,2024-11-11,Mobile
2084,1141,2024-07-31,Mobile
2085,1141,2024-12-09,Web
2086,1141,2024-09-10,Mobile
2087,1141,2024-11-14,Web
2088,1141,2024-12-08,Web
2089,1141,2024-07-02,In-Store
2090,1142,2023-11-02,In-Store
2091,1142,2024-08-13,Mobile
2092,1145,2024-11-13,Web
2093,1145,2024-09-27,In-Store
2094,1145,2024-08-27,Mobile
2095,1147,2024-10-19,Web
2096,1147,08/12/2024,Web
2097,1147,2024-06-09,Mobile
2098,1147,10/06/2024,Web
2099,1148,11/19/2024,Web
2100,1149,2024-12-15,Web
2101,1149,2024-05-06,In-Store
2102,1149,2024-07-11,Web
2103,1149,2024-02-27,Web
2104,1150,2024-11-18,Web
2105,1150,2024-11-30,In-Store
2106,1150,2024-09-30,In-Store
2107,1150,2024-09-01,Web
2108,1151,2024-12-24,Web
2109,1153,2024-06-15,Mobile
2110,1153,2023-11-04,Mobile
2111,1154,2023-12-31,Mobile
2112,1154,2024-07-20,Web
2113,1154,05/23/2024,Mobile
2114,1158,2024-12-16,Mobile
2115,1159,2024-07-22,Mobile
2116,1159,2024-12-12,Mobile
2117,1161,2023-07-24,Mobile
2118,1163,2024-10-01,Web
2119,1163,2024-12-20,Web
2120,1165,2024-12-27,Web
2121,1166,09/22/2024,In-Store
2122,1167,2024-12-27,Mobile
2123,1169,2024-03-03,Web
2124,1169,2024-12-25,Mobile
2125,1169,2024-08-01,Mobile
2126,1170,2024-06-16,Mobile
2127,1171,2024-10-04,Mobile
2128,1172,2024-11-29,Web
2129,1174,2024-03-24,Web
2130,1176,2024-12-08,In-Store
2131,1176,2024-08-06,Web
2132,1178,2024-12-21,Web
2133,1178,2024-12-25,Mobile
2134,1178,2024-12-22,In-Store
2135,1179,2024-10-02,In-Store
2136,1179,2024-09-15,In-Store
2137,1179,2024-12-03,Mobile
2138,1180,2024-08-06,Mobile
2139,1180,2024-10-08,Web
2140,1180,2024-12-24,Web
2141,1181,2024-12-20,Web
2142,1183,2024-11-27,Mobile
2143,1183,2024-12-06,Mobile
2144,1183,2024-11-01,Web
2145,1183,2024-12-07,Mobile
2146,1184,2024-11-27,Web
2147,1184,2024-11-06,Web
2148,1184,2024-10-01,In-Store
2149,1185,2024-05-10,In-Store
2150,1185,2024-07-01,Web
2151,1187,2024-10-12,Web
2152,1188,2023-11-20,In-Store
2153,1191,11/27/2024,Web
2154,1191,2024-08-01,Web
2155,1191,2024-08-27,Web
2156,1191,2024-07-21,Web
2157,1192,07/09/2024,Web
2158,1193,2023-11-22,Mobile
2159,1193,12/19/2024,Web
2160,1193,2024-06-16,In-Store
2161,1193,05/21/2024,Mobile
2162,1194,2024-12-27,Mobile
2163,1195,11/08/2024,Web
2164,1196,2024-09-08,Web
2165,1198,2024-05-15,Web
2166,1198,2024-05-30,In-Store
2167,1198,2023-08-02,Mobile
2168,1199,2024-06-07,Web
2169,1199,2024-10-02,Mobile
2170,1200,2024-11-10,Mobile
2171,1200,2024-12-19,Mobile
2172,1201,2024-12-15,In-Store
2173,1202,2024-06-22,Mobile
2174,1202,2024-10-06,Web
2175,1206,2024-09-26,In-Store
2176,1206,2024-07-28,Web
2177,1206,2024-03-01,In-Store
2178,1206,2024-12-30,Mobile
2179,1208,12/15/2024,Web
2180,1208,2024-11-30,Web
2181,1208,2024-12-04,Mobile
2182,1208,2024-11-27,Mobile
2183,1208,2024-11-21,Web
2184,1211,2024-07-19,Mobile
2185,1212,2024-02-12,Web
2186,1212,2024-04-18,Mobile
2187,1212,2024-05-14,In-Store
2188,1212,2024-05-26,Web
2189,1213,11/25/2024,Mobile
2190,1213,2024-11-03,Mobile
2191,1214,2023-09-08,Web
2192,1214,2024-04-22,Web
2193,1214,2023-12-15,Web
2194,1214,2024-06-28,Web
2195,1214,2024-04-17,Mobile
2196,1215,2024-12-30,In-Store
2197,1215,2024-12-16,Mobile
2198,1215,2024-12-19,Mobile
2199,1218,2023-09-04,In-Store
2200,1218,2023-12-10,Web
2201,1218,2024-02-22,Mobile
2202,1223,2024-04-25,Web
2203,1224,2024-08-16,Web
2204,1225,2024-12-08,Mobile
2205,1225,2023-10-25,Web
2206,1225,2023-11-04,Web
2207,1225,2024-03-08,Mobile
2208,1225,2024-04-03,In-Store
2209,1225,07/25/2024,Web
2210,1225,2024-12-13,Mobile
2211,1225,2024-07-09,Mobile
2212,1225,2024-11-05,Web
2213,1225,2023-09-12,Mobile
2214,1225,2023-10-03,Web
2215,1225,2023-10-16,Mobile
2216,1226,2024-12-15,Mobile
2217,1226,2024-10-16,Mobile
2218,1226,2024-06-06,In-Store
2219,1226,2024-07-10,Web
2220,1226,2024-10-26,Web
2221,1227,12/05/2023,Web
2222,1227,2023-10-26,Web
2223,1227,2024-02-01,Mobile
2224,1227,2024-11-20,Mobile
2225,1227,2024-07-31,Web
2226,1227,2024-10-01,Mobile
2227,1227,2024-08-20,Web
2228,1227,2024-07-29,Web
2229,1227,2023-09-22,Web
2230,1227,2024-08-26,Mobile
2231,1227,2023-11-14,In-Store
2232,1227,2024-02-22,In-Store
2233,1228,2024-08-21,Web
2234,1229,2024-11-30,Web
2235,1231,2024-04-18,Mobile
2236,1232,2024-12-27,Mobile
2237,1232,2024-11-19,In-Store
2238,1233,2024-04-26,Web
2239,1235,2024-06-30,Web
2240,1235,2024-05-28,Web
2241,1235,2024-04-25,Mobile
2242,1235,2024-10-13,Web
2243,1235,2024-11-24,Web
2244,1237,2024-12-18,Mobile
2245,1237,2024-12-29,In-Store
2246,1237,2024-12-30,Mobile
2247,1237,2024-12-17,Web
2248,1239,2024-01-28,Web
2249,1240,2024-04-19,Mobile
2250,1240,2023-12-06,Web
2251,1240,2024-09-02,Mobile
2252,1241,2024-09-10,Web
2253,1243,2024-11-30,Web
2254,1244,2024-02-01,Web
2255,1244,2024-11-04,Web
2256,1247,2024-10-29,Web
2257,1247,2024-08-14,Mobile
2258,1248,2024-12-30,Mobile
2259,1249,2024-03-20,Mobile
2260,1250,2024-12-07,Web
2261,1250,10/26/2024,Mobile
2262,1250,2024-08-18,Web
2263,1250,2024-06-28,Web
2264,1250,2024-06-27,In-Store
2265,1250,2024-07-24,Mobile
2266,1253,2024-10-28,Mobile
2267,1253,11/20/2024,Web
2268,1253,2024-11-13,In-Store
2269,1253,2024-10-17,Web
2270,1253,2024-12-30,Mobile
2271,1253,2024-12-23,Web
2272,1254,2024-11-12,Web
2273,1254,2024-09-28,Web
2274,1255,2024-11-12,Web
2275,1255,2024-11-02,Web
2276,1255,2024-12-19,Mobile
2277,1257,2024-11-16,Mobile
2278,1257,2024-08-26,Mobile
2279,1257,2024-07-15,Web
2280,1258,2024-11-11,In-Store
2281,1258,2024-12-14,Web
2282,1258,2024-11-28,Web
2283,1258,2024-12-06,Mobile
2284,1259,2024-05-01,Web
2285,1259,2024-12-02,Web
2286,1259,2024-12-09,Web
2287,1260,12/16/2024,In-Store
2288,1261,2024-11-06,Mobile
2289,1262,2024-12-23,In-Store
2290,1264,2024-11-30,Web
2291,1264,2024-10-30,Web
2292,1264,2024-11-01,Web
2293,1264,2024-12-22,Mobile
2294,1265,2024-11-11,Web
2295,1266,2024-12-30,Mobile
2296,1266,2024-12-11,Mobile
2297,1266,12/23/2024,Web
2298,1266,2024-12-14,Web
2299,1266,2024-12-09,Web
2300,1266,2024-12-22,Web
2301,1266,12/03/2024,Mobile
2302,1268,2024-11-17,In-Store
2303,1270,2024-12-19,Mobile
2304,1270,2024-09-03,Web
2305,1270,2024-12-25,Mobile
2306,1271,2024-12-26,In-Store
2307,1272,2024-11-02,Web
2308,1272,2024-06-13,Web
2309,1272,2024-12-23,In-Store
2310,1272,2024-11-26,Web
2311,1272,2024-06-21,Web
2312,1272,2024-07-14,Web
2313,1272,2024-06-17,Web
2314,1274,2024-03-25,Web
2315,1275,2024-11-24,Mobile
2316,1275,2024-11-13,Mobile
2317,1276,2024-04-20,Web
2318,1276,2024-02-14,Mobile
2319,1276,2024-05-11,Mobile
2320,1276,2024-01-21,Mobile
2321,1276,2024-10-16,Web
2322,1277,2024-07-22,Mobile
2323,1278,2024-12-10,Web
2324,1278,2024-09-17,Web
2325,1278,2024-10-22,Mobile
2326,1280,2024-10-18,Web
2327,1280,2024-12-16,In-Store
2328,1281,2024-11-06,Mobile
2329,1285,2024-10-15,Mobile
2330,1286,10/02/2024,Mobile
2331,1286,2024-11-09,Web
2332,1286,2024-08-18,Web
2333,1287,2024-03-12,Web
2334,1287,2024-12-08,Mobile
2335,1287,2024-06-11,Mobile
2336,1287,2024-07-04,Mobile
2337,1287,2024-04-08,Web
2338,1288,2024-10-04,Web
2339,1288,2024-11-20,Web
2340,1289,2024-12-15,Web
2341,1289,2024-06-16,Web
2342,1289,2024-06-30,Mobile
2343,1289,2024-12-27,Web
2344,1289,2024-12-22,Web
2345,1289,2024-03-11,Web
2346,1290,2024-12-03,Web
2347,1290,2024-12-18,Web
2348,1291,10/07/2024,In-Store
2349,1291,2024-12-25,Mobile
2350,1291,2024-10-19,Web
2351,1292,2024-09-29,Mobile
2352,1293,2024-12-16,Mobile
2353,1293,2024-08-23,Web
2354,1293,2024-10-09,Web
2355,1293,2024-03-30,Mobile
2356,1293,2023-08-28,In-Store
2357,1293,11/01/2023,Mobile
2358,1293,2023-08-10,Mobile
2359,1295,2024-12-11,Mobile
2360,1295,2023-10-05,In-Store
2361,1297,2024-09-27,Web
2362,1298,2023-07-17,Mobile
2363,1298,2023-11-29,Web
2364,1299,2024-05-25,Web
2365,1301,2024-11-01,Web
2366,1303,2024-12-23,In-Store
2367,1303,2024-12-25,Mobile
2368,1304,2024-11-04,Mobile
2369,1304,2024-11-11,Web
2370,1306,2024-01-22,Web
2371,1306,2024-03-15,Web
2372,1306,12/21/2024,Mobile
2373,1306,05/17/2024,Mobile
2374,1306,2024-05-18,Web
2375,1307,2024-02-22,Mobile
2376,1307,2024-04-13,Web
2377,1308,2023-12-30,Mobile
2378,1309,11/23/2024,Web
2379,1309,2024-10-09,In-Store
2380,1309,2024-11-08,In-Store
2381,1310,2024-12-09,Web
2382,1310,2024-12-17,Mobile
2383,1310,2024-11-27,Mobile
2384,1310,11/28/2024,Mobile
2385,1311,2024-09-03,Web
2386,1311,2024-04-30,Web
2387,1312,2024-04-05,Web
2388,1312,2024-10-27,Mobile
2389,1314,2024-12-29,Mobile
2390,1314,2024-12-30,Mobile
2391,1317,2023-12-02,Web
2392,1317,2024-08-06,Web
2393,1317,2024-08-20,Web
2394,1318,2023-09-22,In-Store
2395,1319,2023-11-17,Mobile
2396,1319,2024-05-15,Web
2397,1319,2024-09-26,Web
2398,1319,2023-09-11,Web
2399,1319,07/11/2024,Mobile
2400,1319,2024-10-10,Web
2401,1320,2024-05-20,Web
2402,1320,2024-11-01,In-Store
2403,1320,2024-12-23,Web
2404,1320,2024-09-10,Mobile
2405,1320,2024-09-27,Web
2406,1320,2024-09-25,Mobile
2407,1320,11/04/2024,Web
2408,1320,2024-09-16,Web
2409,1320,12/04/2024,In-Store
2410,1320,2024-11-09,Mobile
2411,1320,2024-12-22,Web
2412,1321,2024-08-15,Web
2413,1323,2024-12-28,Mobile
2414,1324,2024-04-17,Web
2415,1325,2024-10-06,Mobile
2416,1326,2024-12-24,Mobile
2417,1326,2024-11-12,In-Store
2418,1326,2024-11-30,Web
2419,1327,2024-09-06,Web
2420,1328,2024-12-01,Web
2421,1329,2024-05-01,In-Store
2422,1329,2023-10-09,Web
2423,1329,2024-01-02,Mobile
2424,1329,04/10/2024,Web
2425,1330,2023-12-16,Web
2426,1331,2024-04-24,Mobile
2427,1332,2023-10-02,Web
2428,1334,2024-09-03,In-Store
2429,1334,2024-09-22,Web
2430,1334,2024-06-11,Mobile
2431,1334,2024-09-28,Web
2432,1335,2024-11-01,Web
2433,1335,2023-08-10,Web
2434,1335,2024-11-14,Mobile
2435,1336,2023-11-02,Web
2436,1336,2024-12-23,In-Store
2437,1338,2024-12-30,Web
2438,1338,2024-12-14,Mobile
2439,1338,2024-12-06,Web
2440,1338,2024-11-13,Web
2441,1338,2024-12-13,Web
2442,1338,2024-12-18,In-Store
2443,1338,2024-11-08,Web
2444,1338,2024-11-21,Web
2445,1338,11/06/2024,Web
2446,1338,2024-11-30,Mobile
2447,1338,11/30/2024,Mobile
2448,1338,2024-11-02,Web
2449,1338,2024-12-14,Web
2450,1341,2024-12-01,Web
2451,1341,2024-11-06,Web
2452,1341,2024-12-30,Web
2453,1341,2024-11-18,In-Store
2454,1345,2024-08-30,Web
2455,1345,2023-11-01,Web
2456,1345,2023-12-19,Web
2457,1345,2023-08-12,In-Store
2458,1346,2024-12-08,Web
2459,1349,2024-04-29,Web
2460,1349,2024-11-18,Web
2461,1349,2024-12-14,Web
2462,1349,2024-10-13,Mobile
2463,1349,2024-11-18,Web
2464,1350,2023-12-16,Web
2465,1350,2024-12-10,Web
2466,1351,2024-10-01,Mobile
2467,1351,2024-12-10,Web
2468,1351,2024-06-24,Web
2469,1352,11/09/2024,Web
2470,1352,2024-11-22,Web
2471,1354,2024-11-13,Web
2472,1354,2024-09-06,Mobile
2473,1355,2023-12-24,Web
2474,1358,2024-11-17,Web
2475,1359,2024-06-12,Web
2476,1359,2024-03-26,Mobile
2477,1360,2024-03-27,Web
2478,1361,2024-07-20,Web
2479,1365,2023-12-03,Web
2480,1368,2023-07-15,Web
2481,1368,2023-07-29,Mobile
2482,1369,2024-06-03,Web
2483,1369,2024-03-15,Web
2484,1369,2023-09-12,Web
2485,1370,2024-04-06,Web
2486,1371,2024-12-23,Mobile
2487,1371,2024-07-11,Mobile
2488,1371,2024-12-04,Web
2489,1371,2024-10-08,Web
2490,1372,2024-05-13,Web
2491,1374,2023-12-30,Web
2492,1374,2024-05-17,Mobile
2493,1375,2024-12-26,Mobile
2494,1377,11/17/2024,In-Store
2495,1378,05/08/2024,Web
2496,1378,2024-11-15,Web
2497,1378,2024-07-07,Web
2498,1379,12/22/2024,In-Store
2499,1380,2024-11-07,Web
2500,1382,2024-02-23,Web
2501,1382,2023-11-05,In-Store
2502,1382,2024-07-15,Mobile
2503,1382,2024-10-06,In-Store
2504,1382,12/02/2024,Mobile
2505,1384,2024-11-21,Web
2506,1385,2024-12-11,Web
2507,1386,2024-12-24,Mobile
2508,1388,2024-12-03,Web
2509,1388,2024-10-06,Mobile
2510,1388,2024-12-18,In-Store
2511,1388,2024-11-21,In-Store
2512,1388,2024-11-14,Web
2513,1388,2024-09-14,In-Store
2514,1389,2024-11-13,Web
2515,1389,2024-06-07,Web
2516,1392,2024-09-11,Mobile
2517,1395,2024-12-08,Web
2518,1395,2024-03-28,Mobile
2519,1395,2024-12-06,Web
2520,1398,2024-12-05,Web
2521,1398,2024-12-26,Web
2522,1399,2024-08-13,In-Store
2523,1399,2024-06-25,Web
2524,1399,2024-10-06,Mobile
2525,1402,2024-11-16,Web
2526,1402,2024-11-14,Web
2527,1402,12/18/2024,Web
2528,1404,2024-02-29,Web
2529,1404,2024-09-03,Web
2530,1404,2023-09-21,Web
2531,1405,2024-12-28,Mobile
2532,1405,2024-12-01,Web
2533,1405,2024-12-01,Web
2534,1406,2024-11-15,Web
2535,1409,2024-10-14,In-Store
2536,1409,2024-01-14,Mobile
2537,1409,2023-11-22,Web
2538,1409,2024-11-25,Web
2539,1410,2024-04-01,Web
2540,1411,2024-04-08,Mobile
2541,1411,2024-05-30,Mobile
2542,1411,2024-12-17,Mobile
2543,1411,07/31/2024,Mobile
2544,1412,2024-12-11,In-Store
2545,1414,2024-06-21,Mobile
2546,1414,2024-10-12,Mobile
2547,1416,2024-08-11,Mobile
2548,1417,2024-11-17,In-Store
2549,1417,2024-10-22,Web
2550,1420,2024-12-23,Web
2551,1420,2024-12-29,Web
2552,1420,2024-12-22,Web
2553,1420,2024-12-28,Mobile
2554,1423,2023-07-22,Mobile
2555,1423,2024-04-25,Web
2556,1424,2023-06-03,Web
2557,1427,2024-03-17,Mobile
2558,1427,2023-10-29,Mobile
2559,1427,2024-07-21,Mobile
2560,1427,2024-02-10,Mobile
2561,1431,2024-10-25,Web
2562,1432,2024-11-17,Web
2563,1437,2024-12-02,Web
2564,1437,2024-12-15,In-Store
2565,1439,2024-03-01,Web
2566,1439,2024-11-20,Web
2567,1439,2023-12-15,Web
2568,1440,2024-04-15,Mobile
2569,1440,2023-12-22,Web
2570,1440,2024-08-11,Mobile
2571,1440,2024-07-29,Mobile
2572,1440,2024-10-26,Web
2573,1441,2024-12-10,Mobile
2574,1442,2023-09-22,Web
2575,1443,2024-09-01,Web
2576,1443,2024-09-21,Web
2577,1444,2024-12-19,Mobile
2578,1445,08/29/2024,Mobile
2579,1445,2024-11-08,Web
2580,1445,2023-11-18,Web
2581,1445,2024-11-28,In-Store
2582,1445,2023-06-24,Web
2583,1445,2024-07-21,Web
2584,1446,12/19/2024,Mobile
2585,1446,2024-12-22,Mobile
2586,1447,2024-12-09,Web
2587,1448,2024-06-30,Mobile
2588,1448,2024-12-20,Web
2589,1448,2024-07-30,Web
2590,1448,11/09/2024,Mobile
2591,1449,2024-12-20,Mobile
2592,1449,2023-12-31,Web
2593,1449,2024-06-21,In-Store
2594,1449,2024-04-06,Web
2595,1449,2024-04-28,Web
2596,1449,2024-09-22,Web
2597,1451,2024-09-04,Web
2598,1452,2024-12-26,Web
2599,1452,2024-12-28,Web
2600,1452,2024-12-26,Web
2601,1452,12/28/2024,Web
2602,1453,2024-11-10,Web
2603,1453,2024-11-29,Web
2604,1453,2024-11-24,Mobile
2605,1455,2024-12-13,Mobile
2606,1455,2024-12-20,Mobile
2607,1456,2024-08-19,Mobile
2608,1456,2024-05-18,Web
2609,1456,05/05/2024,Web
2610,1456,2024-12-07,Web
2611,1456,2024-04-04,Mobile
2612,1457,2023-12-02,Web
2613,1457,2023-08-08,Web
2614,1457,2024-03-31,Web
2615,1457,2023-08-14,In-Store
2616,1458,2024-11-19,Web
2617,1459,2024-10-10,In-Store
2618,1459,2024-11-09,Web
2619,1459,2024-12-18,Web
2620,1459,2024-03-25,Mobile
2621,1459,2024-04-04,Web
2622,1459,2024-09-29,Web
2623,1460,2024-11-22,Web
2624,1460,2024-06-21,Web
2625,1460,2024-12-10,Mobile
2626,1461,2024-12-25,Web
2627,1462,2024-10-27,Web
2628,1462,2024-10-19,Web
2629,1462,11/30/2024,Mobile
2630,1462,2024-07-15,Mobile
2631,1463,2024-08-22,Web
2632,1463,2024-12-27,Web
2633,1464,2024-08-04,Mobile
2634,1464,2024-01-03,Web
2635,1465,2024-11-11,Mobile
2636,1465,2024-05-29,Web
2637,1465,11/03/2024,Web
2638,1465,2024-11-27,Web
2639,1465,2024-03-30,Web
2640,1465,2024-09-23,Mobile
2641,1467,2024-12-30,Mobile
2642,1467,2024-09-22,Web
2643,1469,2024-12-30,Web
2644,1469,2024-12-30,In-Store
2645,1470,06/14/2024,In-Store
2646,1470,2024-11-07,Mobile
2647,1470,2024-10-11,Web
2648,1470,2024-12-19,In-Store
2649,1470,2024-12-07,Mobile
2650,1470,2024-12-08,In-Store
2651,1470,2024-08-23,Web
2652,1470,2024-10-07,Web
2653,1470,2024-10-21,Mobile
2654,1470,11/24/2024,In-Store
2655,1470,2024-12-29,In-Store
2656,1470,2024-12-19,Web
2657,1471,2024-09-05,In-Store
2658,1471,2024-11-14,Mobile
2659,1471,2024-11-02,Web
2660,1471,2024-11-10,Web
2661,1473,2024-12-05,Mobile
2662,1473,2024-10-11,Mobile
2663,1473,2024-09-05,In-Store
2664,1475,2024-01-27,Web
2665,1476,2023-07-20,In-Store
2666,1476,2024-07-06,Web
2667,1476,2023-08-02,Mobile
2668,1476,2023-11-26,Web
2669,1476,2024-11-02,Web
2670,1476,07/29/2024,Mobile
2671,1477,2024-12-18,In-Store
2672,1477,2024-10-20,Web
2673,1477,2024-12-11,In-Store
2674,1477,2024-12-17,Web
2675,1477,2024-10-27,Mobile
2676,1477,12/07/2024,Web
2677,1478,2024-12-02,Mobile
2678,1478,2024-12-24,Web
2679,1478,2024-07-19,Web
2680,1478,12/19/2024,Mobile
2681,1479,2024-10-03,In-Store
2682,1480,11/09/2024,Web
2683,1480,2024-05-19,Web
2684,1481,2024-12-17,Web
2685,1481,2024-12-10,Mobile
2686,1481,11/28/2024,Web
2687,1481,11/20/2024,Web
2688,1481,2024-12-29,Web
2689,1481,12/14/2024,In-Store
2690,1483,2024-05-30,Mobile
2691,1483,2024-08-02,Mobile
2692,1483,2024-07-15,Web
2693,1484,2024-08-07,Web
2694,1484,2024-04-18,In-Store
2695,1484,2024-05-12,Web
2696,1484,2024-09-15,Web
2697,1486,2024-12-07,Mobile
2698,1486,2024-03-01,In-Store
2699,1486,2024-04-22,Mobile
2700,1486,2024-11-21,Web
2701,1488,2023-12-15,In-Store
2702,1488,2023-10-12,Mobile
2703,1488,2023-07-18,Mobile
2704,1488,2024-11-03,In-Store
2705,1488,2024-06-22,Web
2706,1488,2024-01-08,Web
2707,1488,2024-12-08,Web
2708,1489,2024-02-24,Web
2709,1490,04/12/2024,Web
2710,1491,2024-09-28,Web
2711,1492,2024-08-28,Mobile
2712,1493,2024-07-28,Mobile
2713,1494,2024-12-13,Mobile
2714,1494,12/10/2024,Mobile
2715,1494,2024-11-17,Mobile
2716,1494,2024-12-22,Mobile
2717,1494,2024-12-02,Mobile
2718,1494,2024-12-10,Web
2719,1495,2024-06-04,Web
2720,1495,2024-08-07,Web
2721,1495,2024-12-15,Web
2722,1495,2024-06-03,Mobile
2723,1495,2024-11-26,Mobile
2724,1495,2024-10-25,In-Store
2725,1496,2024-11-17,Mobile
2726,1496,2024-11-24,Web
2727,1497,2024-12-17,Web
2728,1497,12/28/2024,Web
2729,1497,2024-12-19,In-Store
2730,1498,2024-05-26,Mobile
2731,1499,2024-05-18,Web
2732,1499,2024-12-18,Web
2733,1500,2024-09-13,Web
2734,1502,11/02/2023,In-Store
2735,1503,2024-04-29,Web
2736,1503,2024-11-10,Web
2737,1503,2024-07-30,In-Store
2738,1503,2024-07-26,Mobile
2739,1505,2024-03-22,Mobile
2740,1505,2024-01-07,Web
2741,1506,2024-09-09,Mobile
2742,1506,2024-06-13,Mobile
2743,1506,10/19/2024,Web
2744,1506,2024-11-22,Web
2745,1506,2024-06-09,Web
2746,1507,2024-05-22,Web
2747,1507,2024-10-03,Mobile
2748,1508,10/03/2024,Web
2749,1508,2024-07-23,Mobile
2750,1508,2024-05-25,Mobile
2751,1509,2024-11-10,Mobile
2752,1509,12/08/2024,Web
2753,1509,2024-12-29,Web
2754,1510,2024-11-08,Web
2755,1511,2024-10-12,Mobile
2756,1512,11/20/2024,Web
2757,1514,2024-08-10,Web
2758,1515,2024-04-08,Mobile
2759,1516,2024-12-13,Web
2760,1516,2024-12-26,Web
2761,1516,2024-12-20,Web
2762,1517,2024-12-24,Web
2763,1518,2024-02-03,Mobile
2764,1520,2024-02-29,Mobile
2765,1522,2023-07-14,In-Store
2766,1522,2023-12-02,Web
2767,1523,2024-11-11,Mobile
2768,1525,2024-06-21,Web
2769,1525,2024-05-28,Web
2770,1526,2024-09-01,In-Store
2771,1526,2024-12-05,Web
2772,1526,2024-06-24,Web
2773,1526,2024-12-02,Web
2774,1526,2024-08-15,Web
2775,1526,2024-07-09,Web
2776,1526,2024-07-22,Mobile
2777,1529,2024-12-16,Web
2778,1531,2024-07-12,Mobile
2779,1531,2024-06-27,Web
2780,1531,2024-10-19,Web
2781,1535,2024-10-28,Web
2782,1535,2023-11-05,Web
2783,1535,2023-07-20,Web
2784,1535,2024-11-14,In-Store
2785,1535,2024-04-04,Web
2786,1535,2024-08-25,In-Store
2787,1536,2024-01-11,Web
2788,1536,2024-04-01,Mobile
2789,1536,2024-01-16,Web
2790,1536,2024-11-09,Web
2791,1536,2024-11-19,Mobile
2792,1536,2024-10-13,Mobile
2793,1537,2024-09-05,Web
2794,1537,2024-11-04,Mobile
2795,1537,2024-04-19,Web
2796,1537,2024-10-30,Web
2797,1537,2024-03-06,Web
2798,1539,2024-09-07,Web
2799,1541,2023-10-06,Web
2800,1541,2024-04-26,Web
2801,1541,12/19/2023,Mobile
2802,1541,2024-07-22,Mobile
2803,1541,2023-12-21,In-Store
2804,1544,2024-01-25,Mobile
2805,1544,2024-05-07,Web
2806,1544,2024-09-21,Mobile
2807,1545,2024-11-20,Web
2808,1545,2024-11-07,In-Store
2809,1548,2024-10-12,Web
2810,1548,2024-10-27,Mobile
2811,1548,2024-10-02,Mobile
2812,1548,2024-10-06,Web
2813,1548,2024-10-06,Web
2814,1548,2024-11-05,Web
2815,1548,2024-11-25,Web
2816,1548,09/30/2024,Web
2817,1548,2024-10-29,Mobile
2818,1550,2023-12-07,In-Store
2819,1554,06/13/2023,Web
2820,1554,2024-04-07,In-Store
2821,1554,2023-08-06,Mobile
2822,1554,2023-05-26,In-Store
2823,1554,2023-07-29,Web
2824,1554,2024-06-01,Mobile
2825,1555,2024-11-07,Web
2826,1555,2024-11-06,Web
2827,1555,2024-12-17,Web
2828,1555,2024-12-09,Mobile
2829,1555,2024-11-18,Web
2830,1555,2024-12-07,Web
2831,1555,2024-11-04,Web
2832,1556,2024-12-29,Web
2833,1556,2024-12-20,Mobile
2834,1556,2024-12-28,Web
2835,1556,2024-12-29,Web
2836,1557,2023-10-30,Web
2837,1558,2023-08-18,Web
2838,1558,2024-12-26,Web
2839,1558,2023-11-13,Mobile
2840,1558,2024-04-04,Web
2841,1558,2024-12-22,Mobile
2842,1560,2024-08-27,Mobile
2843,1560,2024-08-23,Web
2844,1561,08/03/2024,In-Store
2845,1562,2024-12-25,Web
2846,1562,2024-02-16,Mobile
2847,1562,2023-10-07,Web
2848,1562,2024-12-11,Web
2849,1562,2024-03-03,Web
2850,1562,2023-08-04,Web
2851,1562,2024-02-01,Web
2852,1562,2024-03-13,Mobile
2853,1562,2023-07-06,Web
2854,1562,2024-02-11,Mobile
2855,1563,2024-11-05,Web
2856,1563,2024-11-03,Web
2857,1563,2024-12-02,Mobile
2858,1564,2024-11-26,Mobile
2859,1564,2024-10-10,Web
2860,1564,2024-04-10,Web
2861,1564,2024-03-27,Web
2862,1564,2024-12-05,Mobile
2863,1565,2024-11-04,Web
2864,1565,2024-10-28,Mobile
2865,1566,2024-11-09,Mobile
2866,1567,2024-11-03,Web
2867,1567,08/14/2024,In-Store
2868,1570,2024-07-02,Web
2869,1570,2024-11-22,Web
2870,1570,2024-04-17,Mobile
2871,1571,2024-12-11,Mobile
2872,1571,2024-08-13,Mobile
2873,1572,2024-09-20,Web
2874,1572,2023-03-11,Mobile
2875,1572,2023-12-06,Mobile
2876,1573,11/23/2024,In-Store
2877,1574,2024-11-29,Web
2878,1574,2024-10-22,Web
2879,1575,2023-12-18,Mobile
2880,1575,2024-12-10,Mobile
2881,1575,06/05/2024,In-Store
2882,1575,2024-11-17,Mobile
2883,1576,2024-12-16,Mobile
2884,1577,2024-03-22,Mobile
2885,1579,2024-10-07,Web
2886,1579,2024-11-02,In-Store
2887,1581,2024-10-27,Mobile
2888,1582,2024-07-21,In-Store
2889,1582,2024-07-18,Web
2890,1583,2024-11-24,Mobile
2891,1583,2024-11-19,Web
2892,1583,12/19/2024,Web
2893,1586,2024-12-27,Mobile
2894,1590,2024-08-06,Web
2895,1592,2024-11-03,Mobile
2896,1592,2024-12-03,Mobile
2897,1592,2024-04-29,Web
2898,1593,2024-12-27,Mobile
2899,1594,2023-06-27,Web
2900,1594,2024-06-26,Web
2901,1594,2024-01-02,Mobile
2902,1595,2024-11-16,Web
2903,1596,2023-12-27,Web
2904,1599,2024-12-29,Web
2905,1600,2024-07-10,Mobile
2906,1600,2024-01-31,Web
2907,1600,2023-12-08,Mobile
2908,1600,2023-10-17,Web
2909,1600,2024-06-15,Web
2910,1600,2023-08-07,Mobile
2911,1601,2024-06-30,Web
2912,1601,2024-06-12,Mobile
2913,1602,2024-09-26,Web
2914,1602,2024-09-27,Mobile
2915,1602,2023-10-17,Web
2916,1602,09/16/2023,In-Store
2917,1603,2023-12-08,Web
2918,1604,2024-12-04,Mobile
2919,1604,2024-06-10,Web
2920,1604,2024-11-27,Web
2921,1605,2024-02-11,In-Store
2922,1605,2023-12-31,In-Store
2923,1605,2023-12-28,Web
2924,1605,2024-04-05,Web
2925,1605,2024-05-01,Mobile
2926,1606,11/16/2024,Web
2927,1607,2024-11-04,Web
2928,1609,2024-08-08,Web
2929,1609,2024-12-15,Web
2930,1610,2024-10-29,Web
2931,1610,2024-11-22,Web
2932,1611,2024-12-02,Web
2933,1612,2024-05-21,Web
2934,1612,2024-06-04,In-Store
2935,1612,2023-12-29,Web
2936,1612,2023-10-08,Web
2937,1612,2024-09-16,Mobile
2938,1612,2024-02-09,Web
2939,1612,2023-09-28,Web
2940,1613,2024-02-29,Web
2941,1614,2024-08-06,Web
2942,1615,2024-10-23,In-Store
2943,1617,2023-10-22,Web
2944,1617,2024-08-02,Mobile
2945,1617,2023-11-13,Web
2946,1617,2023-10-03,Web
2947,1617,2024-11-19,In-Store
2948,1617,2023-09-26,Web
2949,1618,2024-03-05,In-Store
2950,1618,2024-07-28,Mobile
2951,1618,2024-06-11,In-Store
2952,1618,2024-07-02,Web
2953,1618,02/29/2024,Mobile
2954,1619,07/11/2024,Mobile
2955,1622,2024-09-17,Web
2956,1625,2024-05-29,Mobile
2957,1626,2024-08-27,Web
2958,1629,2024-11-09,Web
2959,1629,2024-11-27,Mobile
2960,1629,2024-02-20,Mobile
2961,1630,2024-08-27,Web
2962,1630,2024-11-16,Web
2963,1630,2024-12-24,Mobile
2964,1630,2024-10-17,Mobile
2965,1631,2024-12-25,Web
2966,1632,2023-12-22,Mobile
2967,1632,2024-12-28,Web
2968,1632,2023-09-09,Web
2969,1632,10/31/2024,Web
2970,1633,2024-12-17,Mobile
2971,1633,2024-12-24,Mobile
2972,1633,12/21/2024,Web
2973,1633,2024-10-07,Web
2974,1634,11/22/2024,Mobile
2975,1635,06/26/2024,Mobile
2976,1636,2024-05-06,In-Store
2977,1639,2023-05-13,Web
2978,1639,2024-12-06,Web
2979,1640,2024-08-28,Web
2980,1640,2024-10-29,Mobile
2981,1640,2024-11-20,Web
2982,1640,2024-11-05,In-Store
2983,1640,2024-11-17,Web
2984,1640,10/23/2024,Web
2985,1640,2024-10-31,Web
2986,1640,2024-11-16,Web
2987,1640,2024-10-21,Web
2988,1641,2024-12-23,Mobile
2989,1643,2023-08-23,Mobile
2990,1644,12/30/2024,In-Store
2991,1645,2024-06-23,Web
2992,1645,2023-10-16,Mobile
2993,1647,2024-04-16,Web
2994,1650,2024-06-27,Web
2995,1651,2024-11-09,Mobile
2996,1651,2024-08-27,Web
2997,1656,2024-09-13,Mobile
2998,1656,2024-05-21,Mobile
2999,1656,2024-10-26,Mobile
3000,1656,2024-03-11,Mobile
3001,1656,2024-03-17,In-Store
3002,1659,2024-10-30,Mobile
3003,1659,07/05/2023,In-Store
3004,1659,06/07/2024,Web
3005,1659,2023-09-28,Mobile
3006,1659,2024-12-20,Web
3007,1661,2024-12-29,Web
3008,1661,2024-06-01,Web
3009,1661,03/30/2024,Web
3010,1663,11/12/2023,In-Store
3011,1663,2024-05-10,Mobile
3012,1663,2024-04-05,Web
3013,1663,2024-11-09,Web
3014,1663,2024-12-27,Web
3015,1665,2024-12-15,Web
3016,1665,2024-12-18,Mobile
3017,1665,2024-09-07,In-Store
3018,1665,2024-11-18,Mobile
3019,1665,2024-11-07,In-Store
3020,1665,2024-12-22,Web
3021,1666,2024-11-04,Mobile
3022,1668,2023-12-15,In-Store
3023,1668,11/06/2024,Mobile
3024,1668,2023-11-19,Web
3025,1668,2024-01-29,Web
3026,1668,2024-06-23,In-Store
3027,1668,12/16/2024,Mobile
3028,1668,2024-09-01,In-Store
3029,1668,2024-09-17,Web
3030,1668,2024-03-17,Web
3031,1672,2024-06-03,Mobile
3032,1672,2024-10-30,Web
3033,1673,2023-06-22,In-Store
3034,1673,2023-12-01,Web
3035,1673,2024-10-17,Mobile
3036,1674,2023-12-14,Web
3037,1674,2024-03-17,Web
3038,1676,2024-12-07,Web
3039,1679,2024-10-23,Web
3040,1679,2024-11-21,Web
3041,1679,2024-09-02,Web
3042,1679,2024-10-28,Mobile
3043,1680,2024-12-10,Web
3044,1681,2024-12-23,Mobile
3045,1681,2024-12-29,Web
3046,1682,2024-01-18,Web
3047,1683,2024-11-26,Web
3048,1683,2024-11-24,Web
3049,1683,2024-11-17,Mobile
3050,1683,2024-11-23,Mobile
3051,1684,2024-11-27,Web
3052,1686,2024-10-12,Web
3053,1686,10/23/2024,Web
3054,1687,09/20/2024,Mobile
3055,1687,2023-12-07,Mobile
3056,1687,2023-09-15,Web
3057,1688,2024-01-05,Mobile
3058,1688,02/27/2024,Mobile
3059,1690,2024-10-18,Web
3060,1694,2024-01-27,Mobile
3061,1696,2024-07-10,Web
3062,1696,2024-12-24,In-Store
3063,1698,10/31/2024,Mobile
3064,1698,2024-08-25,Web
3065,1698,2024-08-01,Web
3066,1698,2024-12-08,Web
3067,1698,2024-12-27,In-Store
3068,1698,2024-06-16,Web
3069,1699,2024-11-08,Web
3070,1699,2024-11-26,Mobile
3071,1699,2024-10-29,Mobile
3072,1699,2024-12-20,Mobile
3073,1700,2024-07-02,Mobile
3074,1700,2024-12-14,Web
3075,1701,2024-05-08,Mobile
3076,1702,2024-12-16,Web
3077,1702,2023-12-02,Web
3078,1702,2024-10-25,Mobile
3079,1702,2024-12-26,Mobile
3080,1702,2024-11-24,Mobile
3081,1703,2024-04-29,Web
3082,1704,11/27/2024,Mobile
3083,1704,2024-11-21,Mobile
3084,1704,2024-10-22,Web
3085,1705,2024-12-20,Web
3086,1705,2024-11-14,Mobile
3087,1705,2024-11-25,Web
3088,1706,2024-11-24,Web
3089,1706,2024-12-01,Web
3090,1708,2024-08-10,Web
3091,1708,2024-07-30,Web
3092,1708,2024-11-03,Web
3093,1709,2024-07-28,Web
3094,1710,2024-11-28,Web
3095,1710,2024-12-16,In-Store
3096,1710,2024-12-17,Mobile
3097,1711,2023-11-07,Web
3098,1712,2023-10-27,Web
3099,1714,2024-04-06,Web
3100,1715,02/21/2024,Mobile
3101,1716,2024-09-21,Web
3102,1716,06/24/2024,Mobile
3103,1716,2024-08-22,In-Store
3104,1716,08/15/2024,In-Store
3105,1717,2024-11-24,Web
3106,1717,2024-05-27,Web
3107,1718,2024-03-21,Web
3108,1718,2024-09-29,Web
3109,1719,2024-12-24,Web
3110,1719,2024-07-10,Web
3111,1719,2024-07-19,Mobile
3112,1720,2024-09-21,Web
3113,1720,2024-11-01,Mobile
3114,1720,2024-11-14,Web
3115,1720,2024-12-11,Web
3116,1720,2024-12-20,Web
3117,1720,2024-11-05,Web
3118,1720,2024-11-25,In-Store
3119,1722,2024-04-22,Web
3120,1722,2024-01-14,Mobile
3121,1722,2024-11-18,Mobile
3122,1725,2024-11-20,In-Store
3123,1725,2024-10-13,Mobile
3124,1728,2024-12-07,Web
3125,1729,2024-10-29,Mobile
3126,1729,2024-10-26,Web
3127,1729,2024-07-30,Web
3128,1729,06/02/2024,Web
3129,1729,2024-11-08,Web
3130,1730,2024-12-19,Web
3131,1730,2024-12-17,Mobile
3132,1731,2024-10-27,Mobile
3133,1732,2024-11-26,Web
3134,1732,2024-07-10,Web
3135,1732,2024-12-09,Web
3136,1732,2024-11-02,Web
3137,1732,2024-12-18,Web
3138,1733,2024-12-24,Web
3139,1739,2024-09-21,In-Store
3140,1740,2024-08-17,Web
3141,1740,06/30/2024,Web
3142,1742,2024-02-14,Mobile
3143,1742,2024-12-12,Mobile
3144,1742,2024-07-01,Web
3145,1744,2024-12-02,Web
3146,1744,2024-10-05,Web
3147,1744,2023-12-09,Web
3148,1744,2023-10-05,Web
3149,1744,2024-11-01,Mobile
3150,1744,2023-11-30,Web
3151,1744,2024-09-10,In-Store
3152,1744,2024-08-17,Mobile
3153,1745,2024-11-02,Web
3154,1746,2024-10-04,Web
3155,1747,2024-11-27,In-Store
3156,1747,2024-12-12,In-Store
3157,1747,2024-11-30,Mobile
3158,1748,2024-07-08,Web
3159,1748,06/14/2024,Mobile
3160,1748,2024-10-15,Mobile
3161,1749,2024-04-23,Web
3162,1749,2024-09-02,Mobile
3163,1749,03/11/2024,Mobile
3164,1749,2024-12-07,Web
3165,1749,2024-10-13,Web
3166,1749,2024-07-03,Web
3167,1751,2024-12-24,Web
3168,1751,2024-12-23,Web
3169,1752,2024-03-25,Web
3170,1752,2024-12-15,Web
3171,1752,2024-08-02,Mobile
3172,1753,2024-12-18,Web
3173,1753,2024-10-12,Web
3174,1753,2024-07-24,Web
3175,1753,2024-12-18,Mobile
3176,1753,2024-08-16,Web
3177,1754,11/04/2024,Web
3178,1754,2024-12-17,Web
3179,1754,2024-11-07,Web
3180,1754,2024-11-27,Web
3181,1754,2024-11-20,Web
3182,1754,11/24/2024,Web
3183,1754,2024-11-14,Web
3184,1754,2024-12-01,Web
3185,1755,2024-07-25,Web
3186,1755,2024-10-22,Mobile
3187,1756,2024-07-08,Mobile
3188,1757,2024-12-20,Mobile
3189,1757,2024-07-25,Web
3190,1758,2024-11-16,Mobile
3191,1758,2024-12-06,Mobile
3192,1758,2024-11-03,In-Store
3193,1758,2024-11-19,Web
3194,1758,11/14/2024,Web
3195,1758,2024-10-30,Mobile
3196,1758,2024-11-26,Web
3197,1758,2024-12-28,Web
3198,1761,2024-10-13,Mobile
3199,1762,2024-10-30,Web
3200,1762,06/12/2024,Mobile
3201,1762,2024-05-02,Mobile
3202,1762,2024-12-26,Web
3203,1762,2024-10-27,Mobile
3204,1765,2024-04-10,Web
3205,1765,2024-10-22,Mobile
3206,1765,2024-04-22,Mobile
3207,1766,2024-12-12,Web
3208,1766,2024-11-26,Web
3209,1767,11/12/2024,In-Store
3210,1770,2024-12-22,Web
3211,1770,2024-12-08,Web
3212,1770,2024-12-25,Web
3213,1772,2024-10-19,Mobile
3214,1772,2024-12-20,Web
3215,1772,2024-09-14,Mobile
3216,1773,07/01/2024,Web
3217,1773,2024-04-27,Mobile
3218,1773,12/06/2024,Mobile
3219,1774,2024-11-06,Web
3220,1775,2024-06-08,Web
3221,1775,2023-06-21,Web
3222,1775,2024-11-02,Mobile
3223,1775,2024-07-07,Web
3224,1775,2024-11-23,Web
3225,1775,2023-08-19,Mobile
3226,1775,2024-05-07,Web
3227,1778,2023-12-29,Web
3228,1779,08/03/2023,Web
3229,1781,2024-10-10,In-Store
3230,1781,2024-11-09,Mobile
3231,1781,2024-09-29,Web
3232,1783,12/29/2024,Mobile
3233,1783,2024-10-05,Web
3234,1786,2024-11-17,Mobile
3235,1787,10/30/2024,Mobile
3236,1788,2024-09-12,Web
3237,1788,2024-09-30,Web
3238,1788,2024-02-26,Mobile
3239,1788,10/25/2024,Web
3240,1788,11/04/2024,Web
3241,1791,10/21/2024,Web
3242,1791,2024-12-02,Web
3243,1791,2024-10-21,Mobile
3244,1791,10/02/2024,Mobile
3245,1791,2024-09-19,Web
3246,1791,2024-11-22,Web
3247,1792,2024-02-23,Mobile
3248,1793,2024-03-28,Web
3249,1793,2024-08-14,Web
3250,1793,2023-11-19,Web
3251,1793,2024-09-11,Web
3252,1794,2023-12-26,In-Store
3253,1794,2024-11-20,Web
3254,1794,2024-06-08,Web
3255,1795,08/09/2024,Web
3256,1795,2024-11-08,In-Store
3257,1795,2024-10-09,Mobile
3258,1795,2024-09-21,Mobile
3259,1795,2024-09-20,Web
3260,1797,2024-11-29,Web
3261,1797,2023-04-20,Web
3262,1797,2024-12-22,In-Store
3263,1797,2024-06-15,Mobile
3264,1797,2024-06-15,Web
3265,1797,2024-06-28,Web
3266,1799,05/14/2024,Web
3267,1799,2024-06-04,In-Store
3268,1802,2024-12-28,Mobile
3269,1803,2024-09-02,Mobile
3270,1803,07/13/2024,Mobile
3271,1807,2024-03-27,In-Store
3272,1811,10/11/2024,Mobile
3273,1811,06/28/2024,Web
3274,1812,2024-02-27,Web
3275,1812,2024-11-27,Mobile
3276,1812,2024-10-28,Web
3277,1813,2024-12-20,Web
3278,1813,2024-12-20,Web
3279,1813,2024-12-28,Web
3280,1813,2024-12-23,Web
3281,1813,2024-12-21,Web
3282,1813,2024-12-22,Mobile
3283,1813,2024-12-22,Mobile
3284,1813,2024-12-23,Mobile
3285,1813,2024-12-24,Mobile
3286,1813,2024-12-21,Mobile
3287,1813,12/22/2024,Web
3288,1813,2024-12-25,In-Store
3289,1814,2023-10-21,Web
3290,1814,2024-06-12,Mobile
3291,1814,2024-02-13,Web
3292,1816,2024-10-01,Mobile
3293,1818,2023-11-15,Web
3294,1818,2023-12-12,Web
3295,1818,2023-10-28,Mobile
3296,1818,2023-11-13,Web
3297,1818,2024-03-20,Web
3298,1818,2024-09-21,Web
3299,1819,2024-08-31,In-Store
3300,1822,2024-11-22,Web
3301,1823,2024-06-17,In-Store
3302,1823,2024-06-12,Mobile
3303,1823,2024-04-30,Web
3304,1824,2024-12-26,In-Store
3305,1824,2024-12-13,Mobile
3306,1824,12/30/2024,Web
3307,1825,2024-10-04,Web
3308,1825,2024-09-17,In-Store
3309,1825,2024-12-04,In-Store
3310,1825,12/13/2024,Web
3311,1825,2024-09-30,Web
3312,1825,2024-09-27,Web
3313,1825,2024-11-30,Web
3314,1825,2024-10-31,Web
3315,1825,2024-11-25,Web
3316,1826,2024-11-09,Web
3317,1826,2023-07-16,Web
3318,1827,2024-08-19,In-Store
3319,1827,2024-08-23,Web
3320,1827,2024-12-07,Web
3321,1827,2024-03-20,In-Store
3322,1827,2024-05-13,Web
3323,1829,2024-12-03,Web
3324,1830,2024-06-18,Web
3325,1830,2024-11-03,Web
3326,1830,03/24/2024,Web
3327,1830,2024-08-11,Web
3328,1831,2024-11-04,Web
3329,1831,2024-12-01,Web
3330,1831,2024-12-16,Web
3331,1831,2024-08-07,Web
3332,1832,2024-11-04,Web
3333,1834,12/08/2023,Web
3334,1834,2023-05-02,Web
3335,1834,2024-11-27,Mobile
3336,1834,2024-02-16,Web
3337,1836,2024-11-29,Web
3338,1836,2024-11-24,Web
3339,1836,2024-09-28,Web
3340,1836,2024-09-05,Web
3341,1836,2024-11-25,Web
3342,1836,2024-12-16,Mobile
3343,1836,2024-08-26,Web
3344,1836,2024-09-19,Web
3345,1836,2024-10-18,Web
3346,1836,2024-08-20,Web
3347,1837,2024-08-20,Web
3348,1839,2024-07-21,Mobile
3349,1839,2024-02-08,Web
3350,1839,2024-04-11,Web
3351,1839,2024-08-11,Web
3352,1839,2024-12-10,Web
3353,1839,2024-02-17,Mobile
3354,1839,2024-05-17,Mobile
3355,1840,08/12/2024,Web
3356,1845,08/09/2024,Web
3357,1845,2024-07-04,Web
3358,1845,2024-11-28,Mobile
3359,1845,2024-11-27,Web
3360,1846,2024-02-12,Mobile
3361,1846,2024-04-16,Web
3362,1847,2024-11-06,Web
3363,1847,2024-08-09,Web
3364,1848,2024-10-31,Web
3365,1849,2024-07-01,Web
3366,1849,2024-09-11,Web
3367,1849,2023-11-25,Web
3368,1849,2024-11-30,Mobile
3369,1850,2024-01-06,Mobile
3370,1850,2024-05-03,Mobile
3371,1850,2024-01-05,Web
3372,1850,2024-10-20,Web
3373,1850,2024-04-26,Mobile
3374,1852,11/21/2024,Web
3375,1853,2024-08-15,Web
3376,1854,2024-12-01,Web
3377,1854,2024-11-18,Web
3378,1854,2024-12-09,Mobile
3379,1854,2024-11-16,Mobile
3380,1854,2024-10-16,Web
3381,1854,2024-12-17,Web
3382,1854,2024-12-14,In-Store
3383,1855,02/16/2024,Mobile
3384,1856,08/28/2024,Mobile
3385,1856,2024-08-18,Web
3386,1856,2024-11-26,Web
3387,1856,2024-11-14,In-Store
3388,1858,2024-09-05,Web
3389,1858,2024-06-20,Web
3390,1858,2023-11-11,Mobile
3391,1858,2023-12-21,Mobile
3392,1859,2024-01-05,Web
3393,1859,11/03/2023,Web
3394,1859,2024-08-14,In-Store
3395,1860,07/21/2023,Web
3396,1861,2024-12-27,Mobile
3397,1861,01/20/2024,Mobile
3398,1861,07/22/2024,Web
3399,1861,2024-06-06,Web
3400,1861,2024-05-31,Web
3401,1861,2024-12-19,Mobile
3402,1861,2024-07-04,Mobile
3403,1862,2024-09-27,Mobile
3404,1862,08/26/2024,Web
3405,1862,2024-10-03,Mobile
3406,1862,2024-09-06,Web
3407,1862,2024-10-19,Mobile
3408,1865,2024-02-04,Web
3409,1865,2023-09-03,Web
3410,1865,2023-12-31,Mobile
3411,1865,2024-12-20,In-Store
3412,1868,2024-10-08,Mobile
3413,1869,2024-11-06,Web
3414,1869,2024-10-23,Web
3415,1869,2024-12-30,Web
3416,1869,2024-10-23,Web
3417,1871,04/03/2024,Mobile
3418,1872,11/04/2024,Web
3419,1872,2024-06-14,Mobile
3420,1873,2024-12-10,Mobile
3421,1875,2024-04-25,Mobile
3422,1876,2023-10-05,In-Store
3423,1877,2024-03-09,Web
3424,1877,12/22/2024,Web
3425,1878,2024-03-19,Web
3426,1878,2023-10-17,Mobile
3427,1878,2024-01-01,Web
3428,1881,2024-12-04,Mobile
3429,1881,2024-12-05,Mobile
3430,1882,2024-07-22,Web
3431,1882,2024-12-03,Web
3432,1885,2024-11-10,In-Store
3433,1885,2024-12-04,Web
3434,1885,2024-12-18,Mobile
3435,1885,2024-11-17,Mobile
3436,1885,2024-11-08,Mobile
3437,1885,2024-09-22,Web
3438,1886,2024-11-24,In-Store
3439,1887,2024-02-07,Web
3440,1887,2024-05-14,In-Store
3441,1888,2024-11-28,Web
3442,1888,10/20/2024,Web
3443,1888,2024-11-01,Web
3444,1889,2024-07-22,In-Store
3445,1893,2024-12-05,Mobile
3446,1894,2024-10-21,Mobile
3447,1895,2023-07-02,Mobile
3448,1896,2024-09-29,Web
3449,1896,2024-04-24,Web
3450,1896,2023-08-16,Mobile
3451,1896,2023-12-06,Web
3452,1896,2023-10-29,Mobile
3453,1896,2024-06-23,In-Store
3454,1896,2024-02-08,Web
3455,1896,2024-02-10,Mobile
3456,1896,2024-08-19,Web
3457,1896,2023-08-09,In-Store
3458,1896,2024-04-06,Web
3459,1897,2024-02-03,Mobile
3460,1897,2024-10-23,Mobile
3461,1897,2024-08-09,In-Store
3462,1897,09/24/2023,Mobile
3463,1897,2024-01-06,Web
3464,1898,2024-12-15,Web
3465,1900,2024-11-07,Web
3466,1900,2024-12-03,Web
3467,1901,2024-12-01,Web
3468,1901,2024-06-14,Web
3469,1901,2024-12-17,Mobile
3470,1901,2024-09-24,Web
3471,1902,2024-10-22,Web
3472,1902,2024-10-11,Web
3473,1903,2024-12-23,Web
3474,1903,2024-12-22,Web
3475,1903,2024-12-28,In-Store
3476,1903,2024-12-25,Web
3477,1904,2024-12-16,Mobile
3478,1904,2024-03-09,In-Store
3479,1904,2023-11-12,Mobile
3480,1904,10/30/2023,In-Store
3481,1904,2024-04-16,Mobile
3482,1908,2024-05-22,Web
3483,1908,2024-03-15,Web
3484,1908,2024-06-15,Web
3485,1916,2024-11-18,Web
3486,1917,2023-11-28,Mobile
3487,1918,2024-08-03,Web
3488,1918,2024-08-07,Mobile
3489,1919,2024-09-25,Mobile
3490,1920,2024-09-01,In-Store
3491,1921,2024-12-25,Mobile
3492,1921,12/05/2024,Web
3493,1921,2024-12-13,In-Store
3494,1921,2024-12-11,In-Store
3495,1921,2024-12-02,Mobile
3496,1923,2024-06-28,Web
3497,1923,07/23/2024,Mobile
3498,1923,2024-12-13,Web
3499,1924,2024-02-09,Mobile
3500,1924,2024-12-05,Web
3501,1924,2024-09-25,Mobile
3502,1924,2024-08-09,Web
3503,1926,2024-10-31,Web
3504,1926,2024-12-23,Mobile
3505,1926,2024-11-30,Web
3506,1926,2024-11-08,Web
3507,1927,2024-12-11,Mobile
3508,1930,2023-10-15,Web
3509,1930,2024-06-20,Web
3510,1931,2024-07-20,In-Store
3511,1932,2023-11-21,Web
3512,1932,2023-10-25,Mobile
3513,1933,2024-10-19,In-Store
3514,1933,2024-07-20,Web
3515,1934,2024-12-13,In-Store
3516,1934,2024-12-25,Mobile
3517,1934,2024-01-06,Mobile
3518,1934,2024-12-04,Web
3519,1934,2024-12-23,Web
3520,1934,2024-10-07,Web
3521,1934,2024-06-28,In-Store
3522,1934,2024-11-28,Mobile
3523,1934,2024-10-31,Web
3524,1934,2024-11-23,Web
3525,1935,2024-12-18,Web
3526,1935,2024-10-12,Web
3527,1936,2024-10-02,Web
3528,1936,2024-12-23,Mobile
3529,1936,2024-06-26,Web
3530,1936,2024-02-23,Mobile
3531,1938,2024-05-01,Mobile
3532,1938,2024-03-17,Web
3533,1938,2024-11-15,In-Store
3534,1938,2024-03-05,Web
3535,1938,2024-02-28,Web
3536,1940,2024-02-27,Mobile
3537,1940,2024-10-10,Mobile
3538,1943,2024-11-17,Mobile
3539,1943,11/21/2024,Mobile
3540,1943,11/29/2024,Web
3541,1943,2024-12-03,In-Store
3542,1946,2024-12-18,Mobile
3543,1947,2024-04-18,Web
3544,1947,2024-03-22,Web
3545,1947,2024-08-11,Web
3546,1947,2024-05-31,Mobile
3547,1947,2024-11-14,Web
3548,1947,2024-12-06,Web
3549,1950,2024-03-10,Web
3550,1950,2024-03-21,Mobile
3551,1950,2024-03-16,Mobile
3552,1951,2024-12-26,Web
3553,1953,2024-12-04,Web
3554,1953,2024-12-24,Mobile
3555,1953,2024-12-17,Mobile
3556,1953,2024-12-13,Web
3557,1953,2024-12-14,Web
3558,1955,2024-12-13,Web
3559,1955,2024-11-02,Web
3560,1955,2024-11-29,Web
3561,1956,05/03/2024,Web
3562,1957,2024-12-05,Web
3563,1958,2024-12-30,Web
3564,1958,2024-12-28,Mobile
3565,1958,12/29/2024,Web
3566,1958,2024-12-28,Web
3567,1958,2024-12-29,Web
3568,1959,2024-12-12,Mobile
3569,1959,2024-03-05,Mobile
3570,1960,2024-08-04,Web
3571,1960,2024-11-20,Mobile
3572,1960,12/28/2024,Mobile
3573,1961,2024-03-17,Mobile
3574,1962,2024-12-21,Mobile
3575,1962,2024-09-30,In-Store
3576,1962,2024-01-30,In-Store
3577,1962,2024-03-02,Web
3578,1962,2024-07-15,Mobile
3579,1962,2024-08-28,Mobile
3580,1962,2024-07-14,Web
3581,1962,2024-08-21,Mobile
3582,1962,07/21/2024,Mobile
3583,1962,2024-03-10,Web
3584,1963,2024-06-10,Web
3585,1965,2024-01-01,Mobile
3586,1965,2024-08-25,Web
3587,1967,2024-09-20,Mobile
3588,1967,2023-12-18,Web
3589,1969,2024-12-26,Mobile
3590,1969,2024-11-20,Mobile
3591,1971,2024-11-16,In-Store
3592,1971,2024-05-27,Mobile
3593,1971,2024-03-31,Mobile
3594,1972,2024-11-03,Web
3595,1972,03/10/2024,Mobile
3596,1972,2024-05-03,Web
3597,1973,12/10/2024,Mobile
3598,1975,2024-10-07,Web
3599,1976,2024-04-17,Mobile
3600,1977,07/23/2024,Web
3601,1978,10/08/2024,Web
3602,1979,2024-03-20,Mobile
3603,1979,2023-12-17,Mobile
3604,1980,2024-12-11,Mobile
3605,1980,2024-11-07,Web
3606,1981,2024-01-20,Mobile
3607,1982,2024-01-18,Mobile
3608,1982,2024-02-04,In-Store
3609,1982,2024-04-22,Web
3610,1982,2023-12-21,Mobile
3611,1982,2024-06-04,Web
3612,1983,2023-09-09,Web
3613,1983,2023-12-19,Web
3614,1986,2024-08-12,Web
3615,1986,2024-03-25,Web
3616,1988,2024-12-06,In-Store
3617,1988,2024-12-09,Web
3618,1988,2024-11-26,Web
3619,1989,11/06/2024,Mobile
3620,1991,2024-12-23,Mobile
3621,1992,2024-01-08,Mobile
3622,1992,2024-07-26,Mobile
3623,1993,10/10/2024,Mobile
3624,1993,2024-08-30,Mobile
3625,1993,2024-12-07,Web
3626,1993,2024-07-12,In-Store
3627,1994,2024-12-20,In-Store
3628,1995,2023-11-08,Web
3629,1995,2023-12-29,Web
3630,1995,2023-07-26,Mobile
3631,1995,2024-02-26,Web
3632,1996,2024-12-16,In-Store
3633,1996,2024-08-21,Mobile
3634,1996,2024-07-27,Mobile
3635,1997,2024-12-30,Web
3636,1997,2024-12-28,Mobile
3637,1997,12/07/2024,Web
3638,1999,2024-10-23,Web
3639,1999,2024-12-24,Mobile
3640,2002,2024-11-30,Mobile
3641,2002,2024-02-22,Web
3642,2003,2024-07-15,Web
3643,2003,2024-12-19,Web
3644,2003,2024-11-24,Mobile
3645,2003,2024-09-19,Mobile
3646,2004,2024-09-22,Web
3647,2005,2023-11-14,Web
3648,2005,2023-11-10,Web
3649,2006,2024-09-25,Web
3650,2006,2024-09-08,Web
3651,2008,2024-12-08,In-Store
